Date,Close,High,Low,Open,Volume
,PLD,PLD,PLD,PLD,PLD
2020-01-02,76.13463592529297,77.34038937130893,75.57482112133974,77.22842246802169,2246200
2020-01-03,76.98725891113281,77.39204810359152,75.40255955518757,75.40255955518757,2188000
2020-01-06,76.68582153320312,77.16812018993934,76.55663251562696,77.03032338979745,1794500
2020-01-07,76.19491577148438,76.59970499867825,75.68677400623238,76.32410480135027,2054500
2020-01-08,76.60831451416016,76.84947044174825,75.91931729067564,76.18630313982851,2013700
2020-01-09,76.61691284179688,77.34897511335285,76.42743650945457,76.89251298770591,1688300
2020-01-10,77.03032684326172,77.28009053621948,76.65998848071423,76.71166146173078,2204300
2020-01-13,79.06285858154297,79.08008071346353,77.08197829861183,77.11642913327779,2833800
2020-01-14,78.05521392822266,79.09732735924678,77.78822809034821,78.84757022945728,3124500
2020-01-15,79.41600036621094,79.65714973591008,78.38250119012102,78.45139631658684,3309500
2020-01-16,80.39781951904297,80.41504822727237,79.5021172450961,79.70020796477242,2627500
2020-01-17,81.19017028808594,81.62941036194124,80.36336969489345,80.39782054096318,4292500
2020-01-21,82.30978393554688,82.34423477498177,81.0092926728889,81.08680870432386,3335500
2020-01-22,80.90595245361328,83.00740124132025,80.71647610871914,81.96528791522871,3434700
2020-01-23,82.4217529296875,82.46481812623021,80.19972940376967,80.5614533997532,3200900
2020-01-24,82.809326171875,83.35191220638102,82.30979876630168,82.59401331473067,3201800
2020-01-27,81.81027221679688,82.73181099218458,81.68108318699305,82.15477410599809,2770800
2020-01-28,82.3011703491211,82.69734515007178,81.85332257394992,82.07724974694843,2245200
2020-01-29,83.11074829101562,83.21410080982817,82.03418419398174,82.52509715939617,2730100
2020-01-30,82.86100769042969,83.50694632840076,82.34425809421835,82.7490473586793,3455200
2020-01-31,79.99301147460938,82.65428117875479,79.67435272644022,82.56815737035299,5227600
2020-02-03,79.1231689453125,80.5270063700086,78.83895440465523,80.5270063700086,23204900
2020-02-04,80.45808410644531,81.06957165914996,78.82170554117195,79.2178868685032,4978000
2020-02-05,79.8724365234375,80.96622925551884,79.60545074716465,80.83704025799717,5736500
2020-02-06,80.19111633300781,80.47533086475242,79.70020331037009,79.87245095764325,3935200
2020-02-07,80.2169418334961,80.57866578571038,79.751865364581,80.34613083666567,3643800
2020-02-10,81.52605438232422,81.81887668171483,80.41503937362073,80.72509037934385,5153300
2020-02-11,82.86100769042969,83.41220813583213,81.85334499219344,82.10310872070824,3740400
2020-02-12,83.36051177978516,83.84281039160712,82.80069713630564,83.23993712682966,2523300
2020-02-13,83.08492279052734,83.61889444793593,82.76625741017018,83.22271959633945,3652700
2020-02-14,84.01506805419922,84.0925775182276,83.21410407177562,83.4121881937322,3296000
2020-02-18,84.7040786743164,84.73852952076726,83.73948125700112,84.08397657985539,3742800
2020-02-19,84.20454406738281,85.11747499331369,84.075361617756,84.92799863942565,4724300
2020-02-20,85.2208251953125,85.29834123977388,83.46387808466153,84.12703878545533,3992900
2020-02-21,85.46197509765625,85.94427375520178,85.19498270866379,85.20359706207036,6382300
2020-02-24,82.66291809082031,84.95384355949847,82.52511470310847,84.22178113205412,3688200
2020-02-25,78.97675323486328,83.20550089582076,78.90785811452538,82.88683550230364,5305900
2020-02-26,78.59780883789062,80.37198471480082,78.3566594842322,79.23513306839176,4662200
2020-02-27,74.67910766601562,78.21023707106964,74.64465682171917,78.02937506663322,6227400
2020-02-28,72.58627319335938,73.37862297261518,69.70969642356351,72.70684787407973,7285600
2020-03-02,76.02265167236328,76.02265167236328,71.91448573756075,72.94798470066829,5715300
2020-03-03,76.98725891113281,78.88200928381977,75.5145198670229,76.33270603458625,5843400
2020-03-04,81.27629852294922,81.36242235041514,77.67626733992807,77.71071818507981,4210300
2020-03-05,77.2628402709961,79.97578272146036,76.3068509639675,79.32123000430005,3135200
2020-03-06,73.96426391601562,74.41211829975836,70.8637603557812,74.36905310372781,5562100
2020-03-09,66.97952270507812,69.61495662321487,66.72115121130241,69.61495662321487,7291600
2020-03-10,69.64079284667969,69.77858966199604,65.62735793141724,69.21016712122203,6623400
2020-03-11,63.46562957763672,67.4187710851961,63.01777508664202,67.23790904604253,7836800
2020-03-12,60.4426155090332,63.2072313483526,53.40619079461313,58.702890802628545,7912600
2020-03-13,67.58109283447266,68.05004493092686,62.0057845081544,64.40264857039288,6021800
2020-03-16,55.909427642822266,63.15212519240976,55.65758256834663,60.11262526854966,6663800
2020-03-17,61.38920593261719,63.430011354695566,56.065735581475984,57.7244370116036,7883800
2020-03-18,58.879459381103516,61.19816206045333,55.674955854767475,56.85601923369302,7302000
2020-03-19,55.50127029418945,59.009719232012316,54.928107565151734,58.14129065390715,5489800
2020-03-20,54.55467987060547,58.5320841194718,54.207307134246236,56.35232665876186,6826500
2020-03-23,55.03231430053711,56.473905509017655,51.94939372181693,54.71099667621093,5631200
2020-03-24,61.26762008666992,61.84077932751952,57.52468955503668,57.52468955503668,7893700
2020-03-25,62.69184875488281,65.41871341991785,59.252873061887975,59.73050470988055,6918200
2020-03-26,67.46820068359375,68.03267381106203,61.97104763372466,62.86552777481963,4965400
2020-03-27,68.75348663330078,71.21114101707917,64.47213362176278,64.8195063664751,4490800
2020-03-30,71.97535705566406,72.72220615133763,66.92110307423607,70.16034453575831,6295900
2020-03-31,69.79559326171875,71.53245007088906,65.32318565298861,70.50770428845526,11324400
2020-04-01,63.62107849121094,66.41741952902856,59.92157095123218,66.39136110660257,7994100
2020-04-02,65.57502746582031,66.26108666682876,61.7105172798043,61.971048438621594,5395900
2020-04-03,63.907657623291016,65.35793842367559,62.25764858041318,64.33319240857456,3882600
2020-04-06,69.67401885986328,70.29060227669244,66.90372992846763,67.76347225609327,5914400
2020-04-07,70.29927062988281,75.08431258107352,70.14295326553375,74.96273314497783,5388700
2020-04-08,74.84117126464844,75.37091320000695,70.0995522679112,71.64535399708829,5110400
2020-04-09,79.66096496582031,80.36439006967059,75.56198057553314,76.33488156325589,8283900
2020-04-13,75.0409164428711,79.63489778003554,74.91065083133614,78.97489683260444,4250500
2020-04-14,77.42040252685547,78.10646184070704,76.25670488513771,76.7777672884767,3663800
2020-04-15,75.15380859375,76.34355810958417,73.72090014050951,75.11038451539139,3870200
2020-04-16,76.59539794921875,76.79513943746758,74.51117466194594,75.68355191743296,2887300
2020-04-17,78.34961700439453,78.98356607215851,76.63012573212481,78.38435493799005,3678400
2020-04-20,76.85592651367188,77.69830326549709,76.31749842859185,77.28145464711513,3187900
2020-04-21,77.29014587402344,77.84593965138538,72.69615775677819,72.77431977656147,4255100
2020-04-22,76.30880737304688,78.83593062075163,76.13511771432883,77.87197454801125,3317900
2020-04-23,75.336181640625,77.25540806660133,75.23196782259758,76.46514147970964,2974600
2020-04-24,77.32486724853516,77.75039531882337,75.33616537329408,75.63142785557238,2916300
2020-04-27,79.7564926147461,80.48597620451727,77.92411406168385,78.87938435432078,2539400
2020-04-28,77.802490234375,81.78857968004908,77.50722778499737,81.7277899624959,3141800
2020-04-29,78.29751586914062,79.89542111108216,78.14987799033968,79.50463094066356,3151300
2020-04-30,77.4898910522461,77.78515361181273,75.44907843224534,77.03830444568155,3377000
2020-05-01,75.42301940917969,76.96882119199984,74.76301184580582,75.84854755009908,2643300
2020-05-04,75.6661605834961,75.82247795324069,74.03351765272778,74.55457334334893,2212200
2020-05-05,76.19593048095703,77.22936272970571,75.82250588376436,76.63014482068874,1845400
2020-05-06,75.50119018554688,77.27278545558065,75.44040044407643,76.50856399071222,2277100
2020-05-07,76.48250579833984,77.22066877609409,75.84855001120519,76.53460939364963,2704200
2020-05-08,78.13252258300781,78.41910561254524,76.96882480803062,78.41041947133925,2249000
2020-05-11,77.18592071533203,78.3583044607328,76.67355109375207,77.03828946425816,3627800
2020-05-12,73.13904571533203,77.36828806093605,73.13035957559791,77.36828806093605,4440100
2020-05-13,71.94062042236328,73.57327039394158,71.69746147993696,72.56589006036482,3935500
2020-05-14,73.01747131347656,73.01747131347656,69.57849518056835,70.90718975173928,4389700
2020-05-15,72.3227310180664,72.930634998877,71.21114349674724,72.21852382893289,4971900
2020-05-18,75.40565490722656,76.19592146674309,73.8859048979567,74.9888062751412,3123300
2020-05-19,73.5385513305664,75.63146130127444,73.40828568495049,74.9454083771635,3093100
2020-05-20,75.65747833251953,75.81379569660751,74.46772913776198,74.75431207618699,2519300
2020-05-21,75.03223419189453,75.96145255149443,74.64143733702932,75.10171007172629,3091900
2020-05-22,76.03092193603516,76.1264496062468,74.62406530475982,74.62406530475982,1276000
2020-05-26,78.17594146728516,78.76647319398515,77.13382977338378,78.31489322678377,2743400
2020-05-27,79.68701171875,79.89543273158176,77.70699553288694,79.89543273158176,3045000
2020-05-28,80.80726623535156,81.05910464384644,79.23540630718175,80.76384216459977,2616900
2020-05-29,79.46121978759766,80.46860018048608,79.04437112919236,80.01701358174829,3769900
2020-06-01,81.37174224853516,82.11859123763135,79.49594026180705,79.8606786167843,2310600
2020-06-02,82.90017700195312,82.97833900583305,81.13726835192745,82.17070030218379,3143300
2020-06-03,84.51547241210938,84.86284518267279,82.9349326003512,83.2041433503852,2970000
2020-06-04,81.06780242919922,84.06388485074551,80.31227384401048,83.72519825209181,3326300
2020-06-05,83.1172866821289,84.60229854598703,82.83070370166945,83.5254491163136,3612200
2020-06-08,84.90624237060547,85.07993202721913,82.79596107822566,83.10859583454733,3536700
2020-06-09,84.52413177490234,85.28834632755964,83.13464775844254,83.65570343641717,2888800
2020-06-10,83.72520446777344,84.71521254127136,82.98703485764541,83.69914604429451,2378700
2020-06-11,78.94882202148438,81.77121407113695,78.85329437591109,81.42384141683249,4992400
2020-06-12,82.0317611694336,82.60492720061988,79.31358215565069,81.27622593530188,4247000
2020-06-15,82.47740173339844,83.29003028809866,79.40165028612975,79.4366028404362,3647800
2020-06-16,84.67061614990234,85.9026618772391,83.40361120588393,85.63178794661188,3441600
2020-06-17,84.49583435058594,85.62302883983544,83.76185096215322,85.62302883983544,2713500
2020-06-18,83.08905029296875,83.78808800841713,82.61720750153648,83.44730895542841,2314000
2020-06-19,80.27543640136719,84.47838232018604,80.08320070448262,84.47838232018604,12157500
2020-06-22,80.87836456298828,80.94826967781557,78.57154910583697,80.2317589171325,3409900
2020-06-23,79.90843963623047,81.98807312839772,79.74242334893165,81.7958374274561,2397000
2020-06-24,78.46669006347656,80.02204204323043,76.83269317096722,78.65891910978532,4726100
2020-06-25,79.92591094970703,80.01328898656115,77.6190961108704,78.42298471635534,3009300
2020-06-26,78.49290466308594,80.15311434348888,77.90746437223106,79.48902913802408,4403200
2020-06-29,79.66378021240234,80.04825162283446,78.17833339912545,79.43659862125403,2249000
2020-06-30,81.55117797851562,82.34632687991615,79.55018935139451,79.55018935139451,5111900
2020-07-01,83.1414794921875,83.35992793716618,81.16670368295537,81.71719136435534,2624800
2020-07-02,83.49098205566406,84.92400304194564,83.0540852509071,84.43467408738682,2717900
2020-07-06,83.49972534179688,85.57935865180325,83.14147338493675,84.75799042573236,2510700
2020-07-07,82.86187744140625,83.6832391771915,82.05798865041712,82.1366269017772,2555100
2020-07-08,83.67448425292969,83.72690974018714,82.81816351746332,82.94923390212365,3082900
2020-07-09,84.38225555419922,84.62691671837192,82.46864525846505,83.88419342241431,2583200
2020-07-10,82.8531265258789,84.25993505472856,82.52982042509691,83.8317779661927,3033200
2020-07-13,81.76087188720703,84.26866207257139,81.74339894740518,83.4298209652357,4693900
2020-07-14,81.59486389160156,82.33759396617168,80.80845479279185,81.84826489745807,4206300
2020-07-15,81.90940856933594,82.76572921358272,80.97444970257992,82.66961138617187,3859600
2020-07-16,80.47638702392578,82.58223274221305,80.44143448090055,81.70843916613022,2902900
2020-07-17,83.30748748779297,83.85798178093458,80.8259165996874,81.1142701183314,3325100
2020-07-20,82.77449035644531,83.73566221184119,82.66089289484587,82.94924645141995,2385200
2020-07-21,85.57062530517578,86.95122108017168,84.81916211962195,86.18227828573472,3539900
2020-07-22,85.96382904052734,86.28713513668195,84.26867365309933,84.89780623668804,3412900
2020-07-23,86.418212890625,87.91239957055204,85.55315884782893,85.57937159662305,3099300
2020-07-24,87.30073547363281,87.50170429991631,85.60557349037248,86.16480094879539,3020600
2020-07-27,88.91724395751953,89.03083473241455,85.99876969117082,86.99489392183949,3130000
2020-07-28,89.59880065917969,90.14928825251731,88.3929678357426,88.77743250416978,3263300
2020-07-29,92.77067565917969,92.82310781448471,89.65123241246424,89.65123241246424,3888400
2020-07-30,91.91437530517578,93.2600186062009,91.16291207646671,91.73087940047024,2758300
2020-07-31,92.11534118652344,92.25515139504458,90.0881398285906,91.73087644612565,3832100
2020-08-03,91.73086547851562,92.5522270225611,90.87454472000204,92.16776232813102,2062800
2020-08-04,92.26386260986328,92.56969570170317,90.9444390796783,91.47745370660668,2988300
2020-08-05,91.66096496582031,93.05903362119206,91.42503692198174,92.7269943988279,1550500
2020-08-06,91.64347076416016,92.46483888499547,91.37259688027453,91.38133668293682,1743200
2020-08-07,91.80950164794922,91.8794067422805,90.96192071210342,91.19784873884231,2014700
2020-08-10,90.63863372802734,92.3075764179791,90.63863372802734,92.01922286426696,2653600
2020-08-11,87.82499694824219,91.49492741607803,87.44926543210293,91.46871467461744,3576100
2020-08-12,89.89590454101562,90.07066730247554,88.22696183480898,89.30172448508728,2751400
2020-08-13,89.68619537353516,90.63863408504321,89.41532142799066,89.56386477448166,2104400
2020-08-14,89.40658569335938,90.74348920567301,89.1531846790652,89.42405863694057,2689800
2020-08-17,91.05806732177734,91.06680712795945,89.12698347969945,89.38912433301198,2087200
2020-08-18,90.56871032714844,91.15415045439993,89.99200333623232,90.9444418515742,1490600
2020-08-19,88.8997802734375,90.91824850574115,88.66385887824238,90.65610769639748,2827300
2020-08-20,89.7298812866211,90.38522659156804,88.47161616783747,88.7162773483749,1794500
2020-08-21,90.03571319580078,90.54251519550854,88.99589644924822,90.47261009213142,1411000
2020-08-24,89.1269760131836,89.72115611993222,87.74638007889735,89.59008570425624,2015900
2020-08-25,89.1094741821289,89.65122194707747,88.20946117505468,89.57258372307504,3120900
2020-08-26,88.27936553955078,89.09199384683063,87.64149995059329,88.87354544881472,2780100
2020-08-27,89.03958892822266,89.72114702079513,88.60269203128979,88.8386134223658,2035200
2020-08-28,89.55513000488281,89.6774606108141,88.44541474635824,89.6774606108141,1941800
2020-08-31,89.00463104248047,89.72114164384953,88.1483102425432,89.51143301251442,2630400
2020-09-01,88.6900634765625,89.03084249748606,88.04345798385077,88.89977210485766,1735600
2020-09-02,91.38135528564453,91.45126038814129,88.17453370692785,88.6988086426185,3236600
2020-09-03,88.78619384765625,91.45126776324213,87.9123999955321,91.18038713585138,2367900
2020-09-04,88.04348754882812,89.47650921200135,85.79783717829893,88.7075662058464,2042800
2020-09-08,86.330810546875,87.60654840585251,85.90264688199015,87.4405254881822,2764300
2020-09-09,88.23570251464844,88.75997747119266,87.14346024413223,87.34442908865726,2999700
2020-09-10,87.38812255859375,88.77745154444891,87.22209959807601,88.04346792924645,1792100
2020-09-11,87.56287384033203,88.2007462326101,86.65412750970502,87.7551095384574,1830200
2020-09-14,89.08326721191406,89.86968289431672,88.0347174130552,88.18326074569876,1842800
2020-09-15,89.76482391357422,90.50754717710984,89.24054239435713,89.30170768273027,1524500
2020-09-16,89.6681900024414,90.7402725218426,89.60667740072351,90.39755849736133,2363600
2020-09-17,88.8421401977539,89.79119732472263,87.84914933794758,88.65760242934934,2309000
2020-09-18,87.4537124633789,89.65938983987287,86.73313348478013,89.00911288464225,4555400
2020-09-21,84.84380340576172,86.46949891977582,84.26382185024512,86.22344857659994,4409500
2020-09-22,87.16370391845703,87.86670384198446,84.8965145830805,84.8965145830805,3161900
2020-09-23,83.745361328125,87.32189421515228,83.34991752175881,86.96160141630992,2543300
2020-09-24,83.79808807373047,85.30954794009878,83.3059873560736,83.74536491237279,2235300
2020-09-25,85.8280029296875,85.84558178488942,83.27082925605636,83.4905180154982,1634700
2020-09-28,87.9018783569336,88.05126512640165,86.44314826474756,87.11099736508821,2298700
2020-09-29,87.5328140258789,88.27096524339188,86.99677276843083,87.50645244016354,1826400
2020-09-30,88.42034149169922,89.23758401134148,86.78585645241472,88.06004867886892,3645700
2020-10-01,89.77361297607422,89.95815071940802,87.48884463909917,88.69274138869797,3090400
2020-10-02,91.58384704589844,92.04079669534359,88.31487737772544,88.7542548771171,4631200
2020-10-05,92.43624877929688,92.90198789783238,90.88963796514355,92.26928316911652,2747000
2020-10-06,91.81232452392578,92.85803840554729,90.99508211310341,92.51532449498004,2637000
2020-10-07,92.9371337890625,93.48195761650908,91.3202210486513,92.34836282402838,2056800
2020-10-08,93.88618469238281,95.88096237566492,92.66471573045858,92.99864693445178,2382500
2020-10-09,93.94770812988281,94.86160750651591,93.39408814275858,94.33435580326784,1918900
2020-10-12,95.16038513183594,95.65248581424555,93.27106043420049,94.72979703472753,1302900
2020-10-13,93.70164489746094,94.80008866693287,93.23590581190383,94.10587140010236,2096800
2020-10-14,91.4168930053711,93.5610576188121,91.27629567406662,93.19198208172224,1668000
2020-10-15,92.25171661376953,93.06016972534131,90.58208052378806,90.72267785849336,1280500
2020-10-16,91.6190185546875,92.69988369064194,91.56628868398893,92.04081729405554,2167900
2020-10-19,90.52935791015625,92.48019553021885,90.42391157677133,92.37474919683393,1938900
2020-10-20,90.9775161743164,92.33958928717473,90.43269229266866,92.20777467877402,1780300
2020-10-21,90.2042236328125,91.86507044309478,89.87029236226948,90.43270186459927,1922200
2020-10-22,90.33602142333984,91.24113804814898,90.17784524686269,90.4502571657632,1639800
2020-10-23,90.72266387939453,91.4959725664111,90.40631154459113,91.14446922725526,1403200
2020-10-26,88.28851318359375,89.74724295206575,87.78762311730834,89.58906678879833,1927400
2020-10-27,87.11975860595703,89.06180609379217,87.10218645821041,88.21820221023263,1797900
2020-10-28,85.6874008178711,87.11976903575423,85.12499816150172,85.6258882368422,2666800
2020-10-29,88.03368377685547,88.84213683768095,84.86137741632608,85.5028715716921,2234200
2020-10-30,87.17251586914062,88.21823673505887,86.10922284859879,87.40978353496644,2273800
2020-11-02,89.51879119873047,89.8790773306177,88.19186902048023,88.50822141667724,1830200
2020-11-03,91.73324584960938,92.40989104209812,89.87028259363545,90.21300325624797,1521500
2020-11-04,92.98108673095703,94.5804209468099,91.64538176015353,92.09354879498933,1958800
2020-11-05,93.04258728027344,93.92134237749525,92.52412499100984,93.76316619182056,1594000
2020-11-06,92.17262268066406,93.49954477008781,91.82990872512082,92.7701764218827,1765200
2020-11-09,87.5328140258789,98.74573328214491,87.26040203432589,98.03393694597656,5949600
2020-11-10,87.8227767944336,88.36760060332153,86.24101511360408,87.87549994900505,5771000
2020-11-11,89.65057373046875,89.91420288745722,87.56792886685798,88.59607051125074,3898000
2020-11-12,90.17784881591797,91.11811648431024,89.19364071173283,90.17784881591797,2968300
2020-11-13,90.9775161743164,91.37295999951857,90.16027364747531,90.66116379590247,2470300
2020-11-16,90.7402572631836,91.9880879478407,88.62245416633192,91.7947607451308,2061500
2020-11-17,91.56627655029297,91.71567000904395,89.04425376435262,90.1866313444341,1982600
2020-11-18,89.10575866699219,91.9617124274447,89.07939708959468,91.54869650323413,2012500
2020-11-19,87.86671447753906,89.28151062676153,87.62066413930366,88.7718310950631,2276200
2020-11-20,88.1127700805664,88.59608806267084,86.66282954299166,87.91944959209391,2530300
2020-11-23,87.48884582519531,88.64880215928235,87.42733324325012,87.84034916675442,2537800
2020-11-24,86.82978820800781,88.51700307438948,86.5837378557605,88.20943342971107,2746400
2020-11-25,87.00553131103516,87.46248094474689,86.55736439986349,87.20764119935,2028700
2020-11-27,88.40275573730469,88.61365506981065,86.82100068695664,87.39218609981157,1273100
2020-11-30,87.9194564819336,88.76306063141399,87.07584562808337,88.28853204026193,3730200
2020-12-01,88.0512466430664,89.55392356432215,87.99852348946742,88.61364929601713,3645700
2020-12-02,85.69618225097656,88.00731212707139,85.64345909785052,87.71732137614134,2791500
2020-12-03,85.32711029052734,86.08284013689749,84.87894335736163,85.46771431048862,4348600
2020-12-04,86.69796752929688,86.77705225756142,85.45891981820606,85.77527214000081,3284300
2020-12-07,85.7049789428711,86.8122121829532,85.51165175919672,86.16193532325944,2264300
2020-12-08,85.16015625,86.30253380762285,84.7822913052829,85.87194570460026,2365500
2020-12-09,84.73834991455078,85.49407979545991,83.62233394866999,85.43256721000772,2919200
2020-12-10,85.39739227294922,86.01251795509765,84.39561233095486,84.68560302583931,3828000
2020-12-11,85.56437683105469,85.68740199480222,84.08806816171563,85.02833574428243,3177200
2020-12-14,85.12501525878906,87.22523956707731,84.90532646750896,86.03013200616394,2769800
2020-12-15,87.48006439208984,87.48884711509108,85.0986324024912,85.72255436275097,3010100
2020-12-16,87.74368286132812,88.4291106687265,87.04068290436217,87.33066695062182,2896500
2020-12-17,88.90160369873047,88.99883207902539,87.96467628348323,88.50384939473997,3842600
2020-12-18,86.68302154541016,89.06068586998678,85.79913226412992,88.80435716919071,7273900
2020-12-21,85.9582290649414,86.26758895194276,84.84452672819678,85.12737101681799,3483400
2020-12-22,86.31181335449219,86.69188611949743,85.74612459869954,86.53278573545937,2425000
2020-12-23,85.02132415771484,87.43433846075183,84.99480855448998,86.62116182533121,2218400
2020-12-24,85.94939422607422,86.18804811507349,85.15389250197704,85.4367435536918,714000
2020-12-28,86.81561279296875,87.05425994964293,85.98475464836135,86.52392768983545,1327200
2020-12-29,86.37364959716797,87.84090209278116,86.33829322162391,87.54038301596536,1512500
2020-12-30,87.34593963623047,87.79672506370572,86.53276310538347,86.6034758672502,1568000
2020-12-31,88.08841705322266,88.21216102441856,86.6741886791997,87.20452769122865,1569300
2021-01-04,84.88874816894531,88.29172138640652,84.84455099664332,87.99120219408637,4454200
2021-01-05,85.02132415771484,85.94940398829023,84.77383620289474,84.98596777223469,3844400
2021-01-06,83.00605010986328,85.17157626814685,82.546423882475,84.93292237297281,4786400
2021-01-07,84.2523193359375,84.28767571360777,82.82925716652208,83.0060390548734,3187800
2021-01-08,85.38372039794922,86.26760985702435,84.10208337970684,84.20814579892937,2199700
2021-01-11,83.66897583007812,85.27765430658182,83.20934955476785,84.82686881367322,2268300
2021-01-12,83.71317291259766,83.9429860685295,82.27243546943988,83.53639771175263,2475000
2021-01-13,84.33187866210938,85.24228353312691,83.95180600548129,83.95180600548129,2621000
2021-01-14,84.41143798828125,84.96828588450825,83.49219219991693,84.74731353375358,3269700
2021-01-15,86.33831024169922,86.38250740572676,84.19045889464539,84.20813371413215,2735200
2021-01-19,86.62998962402344,87.14264027780033,85.69306240807258,86.97470590136479,2540600
2021-01-20,88.68946838378906,89.45845466944691,85.83450910122455,86.38252301389882,2980100
2021-01-21,88.76900482177734,88.85739240521309,87.48736800310813,88.47731972725306,2376200
2021-01-22,89.46729278564453,89.9534279455923,88.3977873415097,88.46849337366511,3065200
2021-01-25,90.77544403076172,91.82727463666508,89.39657864345679,89.61755100647574,2965700
2021-01-26,93.73646545410156,94.53196045041511,91.0406003200245,91.06711592076289,4360400
2021-01-27,91.28807830810547,94.47891895784551,89.98876006512872,93.44477018044999,2884400
2021-01-28,91.3941650390625,92.64044558274423,89.85619937579152,91.05828275218727,2371600
2021-01-29,91.21736145019531,92.53436119488414,89.11370761167457,90.33347226271846,3090900
2021-02-01,93.61273193359375,93.71879434838179,90.37769341173602,91.93334068285816,2982300
2021-02-02,94.47008514404297,94.96506773339428,93.16193276767336,94.23143800225262,2148700
2021-02-03,93.72760772705078,94.57614051496974,92.47248673305853,94.4700713876527,2440100
2021-02-04,94.05464935302734,94.90318214282043,93.72760793406513,94.25794008474342,2698000
2021-02-05,94.31099700927734,94.75294171268266,93.55969236219651,93.94860585912632,1704900
2021-02-08,94.64685821533203,94.68221459295307,93.61270945818988,94.35517315761312,1754000
2021-02-09,94.9473648071289,94.95620558625488,93.73644106487556,94.50542026037049,1328500
2021-02-10,95.03578186035156,96.42348789808008,94.83249108213683,95.79592725615605,1633500
2021-02-11,95.24791717529297,95.93734978158948,94.56731860704811,95.1241732071649,1372400
2021-02-12,95.16836547851562,95.25675306553423,94.3551888882795,94.76177718339756,1393000
2021-02-16,94.20492553710938,95.71637546818204,92.89676637367073,95.49540313772918,3141000
2021-02-17,93.54199981689453,94.54079222966475,92.71998255457471,94.37285111625906,2005700
2021-02-18,93.49781799316406,93.70111551871294,92.73767258317567,93.5331743777613,1947100
2021-02-19,93.07353973388672,94.20491688290404,92.96747059733893,93.93974741330447,1999900
2021-02-22,92.56089782714844,92.89677336704735,91.48255169439292,92.36644108274454,2386200
2021-02-23,92.41063690185547,93.57737060772224,91.95985143217898,93.347557481911,2213400
2021-02-24,91.25273132324219,92.3841085715775,90.99640261173803,92.35759297099781,3137100
2021-02-25,89.6175308227539,91.43834052601268,89.06068302103472,91.12013985544748,3636400
2021-02-26,87.5669174194336,90.26278262772075,87.51388621649697,90.08600071203111,5937400
2021-03-01,87.88511657714844,89.36121014358629,87.77904742960172,88.4861615928323,3055100
2021-03-02,87.58456420898438,88.31819375134198,86.24105579741746,87.98231833433485,4855300
2021-03-03,84.95060729980469,87.51388780369888,84.79150694456875,87.06310233994029,3362400
2021-03-04,84.53516387939453,86.57694580560666,84.02250651687405,85.22459638728229,3403500
2021-03-05,86.06430053710938,86.45320722980303,83.20933523151619,84.8445290302094,3552800
2021-03-08,84.80917358398438,86.62114930252463,84.78265798459286,86.03777914175126,3633200
2021-03-09,86.90400695800781,88.13261270459626,85.93172995083194,85.93172995083194,3361900
2021-03-10,86.37364959716797,87.54922379573614,86.2675804705358,87.18682600406392,2705900
2021-03-11,88.00001525878906,88.66293222406168,86.37366220755283,86.55043736754281,2354000
2021-03-12,89.52913665771484,89.52913665771484,87.16915414431051,87.54922676487497,2660600
2021-03-15,90.84616088867188,91.04945843894517,88.76018114853056,89.48497026206836,2979200
2021-03-16,92.12779235839844,92.53438066094532,90.51027318659578,91.34996539392552,3374100
2021-03-17,90.24508666992188,91.41182015321253,89.01648121189382,91.41182015321253,4000200
2021-03-18,90.81428527832031,91.03662952652198,88.64420324454152,89.42685934087247,3069700
2021-03-19,89.27567291259766,91.52580272719494,89.21341678557933,90.96549079862102,4555300
2021-03-22,92.1839370727539,92.22840185617132,88.97328522327793,89.51580579299494,2652100
2021-03-23,93.56249237060547,93.9004600985554,91.73927291596037,92.06833818528779,3609500
2021-03-24,92.33512115478516,93.62471510858562,92.0860966769816,92.88653734521311,2772700
2021-03-25,92.8776626586914,93.07332673128792,91.09001255999836,92.09501315371503,1745600
2021-03-26,94.96768188476562,95.12777002783095,92.56636652419441,93.38459179523556,2381800
2021-03-29,94.95880126953125,95.37680964188688,93.37571092900873,94.92323215246275,2928400
2021-03-30,94.94991302490234,95.19004188649096,94.06942469978829,94.70088849128167,2316900
2021-03-31,94.27398681640625,95.46574905312637,93.5624823149487,94.67420385759499,4922800
2021-04-01,96.49742889404297,96.59526093160704,94.14947356332485,94.98549032599605,2922400
2021-04-05,96.38180541992188,97.15555920764791,95.8481736947752,96.94211058883478,3862900
2021-04-06,97.22669982910156,97.2800602813167,95.98157058928363,96.07940260861702,2952000
2021-04-07,97.5024185180664,97.63582645312988,96.6664085767935,97.21781808978872,3400500
2021-04-08,96.4440689086914,98.11609565689038,96.25730050480294,97.32455046571125,2039500
2021-04-09,97.39569854736328,97.77813101271997,96.33733751373232,96.55078614066807,2454000
2021-04-12,97.68919372558594,97.73366530217825,96.35512785273566,97.4579605264537,1725100
2021-04-13,98.52519989013672,98.6141362483246,97.51131047889457,98.0093595130741,2152400
2021-04-14,97.52909851074219,98.94320487852663,97.40457947101544,98.38289973409657,1904900
2021-04-15,99.93040466308594,100.05491690573596,97.84036997813666,98.4006750700618,2539600
2021-04-16,100.10830688476562,100.52631530213317,99.71698548618755,100.23281916414187,2373300
2021-04-19,99.83258819580078,100.49962107906893,98.44516196993402,99.61024390137806,2554000
2021-04-20,102.05603790283203,102.90094356346279,99.1744575560786,99.9482114092809,3351500
2021-04-21,102.02043914794922,103.04322409806137,101.87814235037469,102.30503952850658,2318600
2021-04-22,101.99378967285156,102.34954195215698,101.10441236729318,101.77144534646196,2088300
2021-04-23,102.16275787353516,102.62523101596071,101.51350955440866,102.35841515102449,1749800
2021-04-26,102.4740219116211,103.15883923532793,102.02043772893263,102.48291758178586,1584400
2021-04-27,102.14496612548828,102.70527808255179,102.0738143237327,102.56297447904065,2366600
2021-04-28,102.36730194091797,102.98986997661672,102.13606199706365,102.28726125962727,2249500
2021-04-29,103.40789031982422,103.60355440133732,102.50962417892859,102.6252407791818,1751600
2021-04-30,103.63912200927734,104.03045014097714,102.5629764325123,103.38120181205788,3323100
2021-05-03,103.17664337158203,103.9948687076036,102.8475713887562,103.9148212370096,2038000
2021-05-04,102.81199645996094,103.68358904641207,102.0293470162117,103.16774867454117,2704400
2021-05-05,100.50851440429688,102.71416595364803,100.0282499253069,102.64302093800484,2512000
2021-05-06,102.02933502197266,102.27835950728158,100.53518132471082,100.79310148032602,1866800
2021-05-07,103.18553924560547,103.23890649141873,102.18054545734755,102.18054545734755,2610100
2021-05-10,103.34562683105469,104.59965192676688,102.99877026956185,103.22111456720647,1900400
2021-05-11,102.15386962890625,102.80311120982579,100.78422787444678,102.7052859566735,1871900
2021-05-12,99.93930053710938,101.90482298341516,99.61022858920163,101.31783087937565,2086500
2021-05-13,100.94432830810547,101.86928155795324,99.64583820314915,100.26839962833004,2066000
2021-05-14,101.96707916259766,102.52738425598214,101.33562227739688,101.50459930120014,2148300
2021-05-17,101.55799865722656,102.34954393164959,101.21114204418323,102.05604778664048,1427300
2021-05-18,102.26058197021484,102.74083963318022,100.84646885243396,101.45124555200783,1667100
2021-05-19,102.58964538574219,102.64301262491388,101.015450931055,101.54907582491123,2112100
2021-05-20,104.3772964477539,104.75972887015114,102.50071023382898,102.82978220183874,2464200
2021-05-21,104.52848052978516,104.9464888166694,104.03043156774854,104.25277582371605,2372200
2021-05-24,105.07992553710938,105.87147076253916,104.59076532570442,105.04434963215174,2280200
2021-05-25,105.1065902709961,105.50680726828797,103.83478069428782,105.29335865542625,2072100
2021-05-26,104.5107192993164,105.56907357984497,104.38620703101893,105.24889723696296,2231800
2021-05-27,103.9326171875,105.22221137676573,103.79920925420129,104.63522596982449,3470100
2021-05-28,104.80419158935547,105.49791140977212,104.27946237045762,104.68857501199034,2870700
2021-06-01,106.57408142089844,106.8231059744039,104.5107263963258,105.35563210077792,2547100
2021-06-02,108.27276611328125,108.37059813698673,106.70746730481117,106.89423568131924,3934300
2021-06-03,108.38838195800781,108.64630211302504,107.71245350987327,108.28165427080499,4006000
2021-06-04,108.85086822509766,109.15325998278645,108.03264288026064,108.82418799641522,2521400
2021-06-07,109.1087875366211,109.54458043422815,108.85976302370277,109.23329979308025,1688000
2021-06-08,109.9803695678711,110.6918671386178,109.17103319310944,109.50010514527766,2564200
2021-06-09,109.9359130859375,110.55847439394165,109.55348062947515,110.38060167320029,1538200
2021-06-10,112.310546875,112.34612277571115,109.76692765013128,109.88255102379485,2550900
2021-06-11,110.91423034667969,112.22161592281563,110.19383698244542,112.22161592281563,2385300
2021-06-14,112.20382690429688,112.21271579049267,110.66520141626093,111.10989000078574,1977900
2021-06-15,110.06754302978516,112.55241907964431,109.9871006402903,112.02505634105353,2666500
2021-06-16,108.53012084960938,111.03287718439141,108.46755228221294,110.5412621409463,4271600
2021-06-17,109.59380340576172,109.79938293779504,108.2441021054067,108.28879686600334,3612600
2021-06-18,106.87654876708984,109.93348279752844,106.74247127744653,109.20947390070468,7018100
2021-06-21,109.57593536376953,109.83515000219462,106.8139706920214,107.2251366227931,2745100
2021-06-22,109.03069305419922,109.69213327165296,108.78041192648102,109.40610451658134,2078400
2021-06-23,108.2619857788086,109.25414948065215,108.1815365713672,108.9859945484651,2583600
2021-06-24,108.39604949951172,108.89660488631382,107.68098109180734,108.59269552795583,2340400
2021-06-25,109.04856872558594,109.12007762043791,107.78825002680838,108.19942276247541,2075800
2021-06-28,108.70889282226562,109.48652975545414,107.80611193509102,109.46865594457748,1447000
2021-06-29,108.55693817138672,109.67423892168696,108.40498690601692,108.54800467539738,1743800
2021-06-30,106.84078979492188,109.26309754599266,106.7514070787628,108.23517926150299,2910800
2021-07-01,107.24301147460938,108.27986315294157,106.50112204802768,106.84971937965746,3211500
2021-07-02,108.1815414428711,108.86086230072895,107.33239548514642,107.62736455994222,1789900
2021-07-06,109.53124237060547,109.6831936559506,107.48434630863758,108.38712734300815,2864500
2021-07-07,110.20162200927734,110.78261983496022,108.88767507380693,109.62062418359447,2980300
2021-07-08,110.04072570800781,110.72898002508751,109.49548235236958,109.62061950092952,1927000
2021-07-09,112.07870483398438,112.13233310332899,109.88879745586162,110.36253202031119,2311200
2021-07-12,113.8842544555664,114.25072562088634,112.47198441870741,112.4809179162896,2730500
2021-07-13,112.27533721923828,113.77698995290199,111.7658482642165,113.401578474352,1811300
2021-07-14,112.82951354980469,113.57139614135997,111.9356728578199,112.15019271444652,2133000
2021-07-15,113.4552001953125,113.88424673139056,112.63286838891483,112.91889713981243,1426900
2021-07-16,113.76803588867188,115.0909162207004,113.4104982677718,113.62502493198959,2633100
2021-07-19,113.32112884521484,114.92111142059133,112.43622841488738,113.58034348025294,2878200
2021-07-20,114.40267944335938,115.18925687420649,113.4730842144688,114.30435641207049,2453100
2021-07-21,113.42838287353516,114.59037165784257,113.0172169819067,114.20601989531505,1863500
2021-07-22,113.66970825195312,113.84848046486782,112.90100478507648,113.2406685798831,1448900
2021-07-23,114.31327819824219,114.49204359735329,113.22279153306108,114.07194422749592,1496400
2021-07-26,114.39374542236328,114.46524750159402,113.53565227695525,113.91107058537024,1874500
2021-07-27,115.47527313232422,115.61829090641731,113.68759187293733,114.05406298499098,1631900
2021-07-28,114.08088684082031,115.42165471915497,113.66972093443539,115.42165471915497,1914300
2021-07-29,114.31327819824219,114.79594613973472,113.83954375308122,114.36690645408295,1330200
2021-07-30,114.4473648071289,115.74344481911426,114.31329414881961,114.55463497270394,2156500
2021-08-02,114.8227767944336,115.84175459781294,114.45629885173702,115.05517045523027,2059100
2021-08-03,115.90434265136719,115.91327614995053,114.51888659091799,115.36804631885498,1888600
2021-08-04,115.216064453125,116.35124599726932,114.8585336172802,115.97583452795413,1854300
2021-08-05,116.60150909423828,116.66408448590192,115.13561098599602,115.79705797150412,1662100
2021-08-06,115.9400863647461,116.60151977189842,115.1266880321877,116.11885178184329,3207800
2021-08-09,116.20820617675781,116.35122393955346,115.41268862472825,115.99369317148889,1055600
2021-08-10,115.6183090209961,116.36913199423215,115.08199910358304,116.20823356343713,2259300
2021-08-11,115.216064453125,116.47638315370772,114.79595821959744,116.26187010777168,2527300
2021-08-12,116.26185607910156,116.35123195781472,114.91214801295584,115.64510386860127,1422000
2021-08-13,117.96908569335938,118.05847521432776,116.1098954964102,116.49425406986305,1557600
2021-08-16,119.49756622314453,119.69421226967046,117.9959067441217,118.1478580275414,2972200
2021-08-17,119.84615325927734,119.94447627409515,118.9076178703665,119.1847062833279,2541600
2021-08-18,118.43389892578125,120.21264692154837,117.95123092374008,119.80147417697985,2719300
2021-08-19,119.01487731933594,119.19365636081828,117.87970951169359,118.02271365038312,1473800
2021-08-20,119.99811553955078,120.36459350467138,117.96909330519667,118.97020417671942,2488600
2021-08-23,119.22941589355469,120.40034508200804,118.99702221091412,119.90872994668445,1583500
2021-08-24,116.86966705322266,119.26515349087948,116.78922466664304,119.22940586537504,1986600
2021-08-25,116.67302703857422,117.37916883880683,115.92220411388604,116.67302703857422,2242200
2021-08-26,116.75347900390625,117.27190829601821,115.90433298571156,116.8428685380017,2526400
2021-08-27,117.37023162841797,117.60263896208987,116.69985103777,117.49536879311513,1646100
2021-08-30,119.5333023071289,119.67632007968709,117.34339551566799,117.37020964315697,1491800
2021-08-31,120.3646011352539,120.69531785507527,118.67524262868706,119.49757449886972,2890900
2021-09-01,123.16231536865234,123.41260333546263,120.29309409581265,120.66850558763616,3575500
2021-09-02,123.77012634277344,123.93101112666761,122.34892286266653,123.12655992934256,2758800
2021-09-03,124.23491668701172,124.53881923426219,122.10757157840652,123.38575715950903,2520000
2021-09-07,123.03714752197266,123.69859444581319,121.51762129907235,123.53770969183618,2737500
2021-09-08,123.83269500732422,124.7801776858293,122.33998254926396,122.65283227618603,2030700
2021-09-09,120.418212890625,123.35000911767004,120.39139876236567,122.9924783149283,2566600
2021-09-10,119.44395446777344,120.97241464915074,119.34563143092417,120.78471571266586,1963500
2021-09-13,118.68416595458984,120.6237986189367,118.53221467366976,120.46291384111305,1713800
2021-09-14,118.47859191894531,119.47968917571909,117.73670247368361,119.10427770442892,1781400
2021-09-15,119.14000701904297,120.04279474975841,118.04058690505273,118.8897327433204,2223700
2021-09-16,119.06818389892578,120.09200087808296,118.20601574104175,119.14003238739095,2126400
2021-09-17,116.84992980957031,118.67304266608875,116.5445839635042,117.9815128469507,8745900
2021-09-20,115.90692138671875,116.9936109552501,114.68552446426537,115.81712105200349,2159500
2021-09-21,115.71831512451172,117.50549639054212,115.68238403262474,116.41882067564764,1793900
2021-09-22,116.76006317138672,117.27197836249486,115.76318795516546,116.38286899547786,2840600
2021-09-23,115.7093505859375,116.90380613175924,115.70037466286793,116.61642585284011,2275200
2021-09-24,114.86514282226562,116.02367400002265,114.4699829890263,115.62851416678333,2092800
2021-09-27,113.32940673828125,115.42194751095575,113.2395927105266,114.29035790936057,2126900
2021-09-28,112.78158569335938,113.30247695994338,111.27280168618955,112.48521581562892,3054100
2021-09-29,113.55393981933594,114.32629394514124,113.05999002311776,113.23062847123842,1608200
2021-09-30,112.64685821533203,114.6675504768949,112.58399250793511,114.2364664462816,3214000
2021-10-01,113.54496002197266,114.37119711017195,111.55120894038583,112.89833730882566,1708700
2021-10-04,113.90418243408203,114.24545244790279,112.49418851246305,113.0060969591184,2061900
2021-10-05,113.54496002197266,114.59571850491191,112.95222025097151,114.23648290295812,1924300
2021-10-06,114.76634216308594,114.80226640383528,111.81164016697382,113.302465324754,2242600
2021-10-07,116.19430541992188,117.72104801663072,115.70035565824331,115.70035565824331,2559200
2021-10-08,115.43092346191406,116.06857017026407,115.22436764246125,115.81710733692238,1403400
2021-10-11,115.79916381835938,116.01469560011054,114.30833837731726,114.95496112996928,1468600
2021-10-12,118.8077392578125,119.40946867546637,115.70934664560293,116.1494135276143,2700100
2021-10-13,120.25365447998047,120.4961414252281,118.38564852041637,118.58321474192725,2165400
2021-10-14,121.89713287353516,122.1665612461404,120.17281047403637,120.43326292557674,1997400
2021-10-15,123.01976013183594,124.90574535002605,122.01390865744044,124.43873700675732,3509000
2021-10-18,125.54338836669922,126.45943957682513,122.3731470835758,122.91200396099097,2614700
2021-10-19,124.94164276123047,125.87565929838462,124.62732107760266,125.72298641713172,1843500
2021-10-20,128.80345153808594,128.83039301322677,124.96862169986863,125.67811708844515,2646500
2021-10-21,130.1685028076172,131.07556414737326,129.17162744449294,129.55779759684486,2939800
2021-10-22,129.32432556152344,131.01273086376023,129.04592121992027,130.1415867411124,2163100
2021-10-25,130.3122100830078,130.41997595662684,128.61482905502277,129.52189046660942,1793600
2021-10-26,131.32704162597656,131.91080543563237,130.09666884994573,130.30322468231134,1776800
2021-10-27,129.19857788085938,131.91977579275294,128.8123939979992,131.88385840312958,2049800
2021-10-28,131.72219848632812,131.78507104902917,129.5218917546438,129.8002960667263,1895700
2021-10-29,130.18650817871094,131.66834409172583,129.8811486280635,131.10254571955278,3743200
2021-11-01,129.9799041748047,130.79716522843154,127.52813471762066,130.491819462361,1915800
2021-11-02,132.04551696777344,132.21615541440966,129.64763020011716,130.36610137893916,1720100
2021-11-03,132.60232543945312,133.02442674254095,131.03966535914304,132.39576960082437,1739300
2021-11-04,132.7998809814453,133.76083891745466,132.00058554003272,132.59332518072844,1598800
2021-11-05,131.7401580810547,133.8955576996668,131.50664709151238,133.76085036238976,2048400
2021-11-08,132.97952270507812,133.17708890194535,130.99474777802908,132.23411011725867,1166900
2021-11-09,133.32078552246094,133.80575935121033,132.74601136876677,133.446516940341,1761600
2021-11-10,133.60818481445312,134.38053889920502,132.7909237135778,132.7909237135778,1453400
2021-11-11,133.73388671875,133.76980410150242,132.4855486867654,133.59018978035172,1291500
2021-11-12,133.64410400390625,134.6409794789953,132.51252118233117,133.92250832244235,1690000
2021-11-15,134.89242553710938,134.9373325482473,133.02440624407782,133.68001845856057,1502100
2021-11-16,134.2368621826172,135.54805954759036,133.67106384222913,134.9912508340017,1318200
2021-11-17,135.05410766601562,135.39537085213416,131.16539563983227,133.5991997751182,2039700
2021-11-18,135.23373413085938,136.25755118820027,134.27277594091447,135.1618856369075,1464400
2021-11-19,134.91043090820312,135.94322395077918,133.7429167924433,135.94322395077918,1979900
2021-11-22,135.52110290527344,137.05683521284183,134.21888160916217,135.1079912297226,1588500
2021-11-23,137.02989196777344,137.62263170713538,134.39849423595632,135.49415968009893,1908200
2021-11-24,138.76316833496094,139.08647962271516,136.26649205318492,137.12866005509468,1256100
2021-11-26,134.6050567626953,137.7034489425752,134.5062668112813,137.5687278977214,1767300
2021-11-29,137.65853881835938,138.33210291632383,135.1169553109299,135.8264505015226,3045500
2021-11-30,135.38636779785156,137.83813698959395,135.33248486893118,136.5897988893901,5225900
2021-12-01,136.2395782470703,140.73000609769028,134.8206014018306,136.7065865805703,3043300
2021-12-02,138.68235778808594,139.84987164954987,136.2036468035708,136.2036468035708,2729700
2021-12-03,138.89791870117188,141.45745437475662,136.7335291705695,138.97874311425701,2885200
2021-12-06,140.5952911376953,141.17006532333247,138.9877103800696,139.3110217159716,3254600
2021-12-07,143.06503295898438,143.22668178258579,140.52344917067597,141.56523171287907,2800200
2021-12-08,143.19078063964844,144.69058205595826,142.27472942418805,143.00217662034493,2202800
2021-12-09,141.5023651123047,143.19077042750354,140.88268385497324,142.85848314029053,2165700
2021-12-10,142.86746215820312,143.4691778795137,141.10720831233863,141.89752804358787,2024800
2021-12-13,145.23880004882812,145.887993692607,141.83955190823357,142.66907406235472,2550000
2021-12-14,143.11990356445312,145.04043592522513,141.69528493042785,144.76993627807386,3268800
2021-12-15,146.5732879638672,147.13231062757606,143.4535639757139,143.85028130461833,2979300
2021-12-16,147.19541931152344,147.8626500549177,145.94211736357818,146.36589700681446,3772300
2021-12-17,145.32899475097656,148.8454635176404,144.9863746207833,146.84378489491144,6983700
2021-12-20,145.518310546875,146.410955241975,143.55270640545385,144.34615459847046,2230800
2021-12-21,144.97732543945312,147.59213723519272,144.3461687157176,146.28473821641526,2185800
2021-12-22,146.302734375,146.53717379915233,144.72483597845184,145.43715210204704,2136800
2021-12-23,145.84292602539062,146.9249109784242,144.51748998651433,146.53720532151277,3047800
2021-12-27,149.57577514648438,149.63889769651436,146.6183433440977,146.6183433440977,1591000
2021-12-28,149.48558044433594,149.63887411076573,147.88965882177942,149.63887411076573,1749300
2021-12-29,151.1897430419922,151.98320510019596,149.27823581979422,149.63890664542558,1399600
2021-12-30,151.45120239257812,152.2356389325326,150.29708348576912,151.10856861274394,1504800
2021-12-31,151.8028564453125,153.21844969349908,151.1085772364095,151.55039377992657,2025800
2022-01-03,148.68312072753906,152.40696570828547,146.10438311826616,151.8930287633804,3437500
2022-01-04,145.1666717529297,149.0708453833539,144.35518654454094,148.02492071969164,4209300
2022-01-05,142.1461181640625,145.46422068841525,141.89365548655766,145.1666724417451,3818200
2022-01-06,141.17234802246094,141.96579629254717,140.07232612260702,141.94775931239974,3090400
2022-01-07,138.6116180419922,141.4157696629708,138.34111840251137,141.10920982537803,3449000
2022-01-10,137.971435546875,138.25094676750632,135.0861384591265,137.39437612932528,4169500
2022-01-11,137.94442749023438,138.78296139849343,136.5107832551107,138.169841606414,2656500
2022-01-12,138.1697998046875,139.75670974954338,137.95339736567828,137.95339736567828,2635800
2022-01-13,138.08865356445312,139.2067123028641,137.8632394948029,138.25997045869656,2108000
2022-01-14,137.71902465820312,138.09771875343128,135.7984918283724,137.72803627064178,2330300
2022-01-18,138.34109497070312,138.5034002301741,135.69924908415436,136.6640277579818,4121300
2022-01-19,138.48538208007812,143.55269963179495,138.41324792808334,140.43296290938886,4361800
2022-01-20,138.9813232421875,141.56006121334397,136.70914515895527,137.04276739763563,3494800
2022-01-21,140.14443969726562,142.37153197957093,139.54935696324688,141.69528971793613,4375000
2022-01-24,138.23294067382812,140.13543623078615,134.46402352054548,140.13543623078615,5717800
2022-01-25,138.8190155029297,139.49525775472884,135.9517412010457,136.15911830597264,3755500
2022-01-26,136.79931640625,141.30759861379005,135.897659964742,138.99936032483922,3698400
2022-01-27,133.99513244628906,138.99030189032453,133.07543924244783,136.91650357474717,4062400
2022-01-28,139.81982421875,139.85588441074657,131.9934417701343,134.63530141430533,3645200
2022-01-31,141.39773559570312,141.80347814470628,139.2427640133403,139.94606852530978,3260500
2022-02-01,138.42225646972656,142.010844106606,137.3492834462788,141.92969835479423,3349800
2022-02-02,141.85760498046875,142.42565292276618,139.50428119433153,139.50428119433153,2910600
2022-02-03,141.05508422851562,142.2633001154839,140.45998789319796,140.71245050366358,1968300
2022-02-04,138.395263671875,140.46005104107795,137.58376455210518,139.78380865369638,1929800
2022-02-07,137.0968475341797,139.20672004143066,136.7271651374386,138.1878439873533,3816300
2022-02-08,136.3214111328125,137.80012683784378,135.62713196550544,137.58372438411388,2459600
2022-02-09,140.09033203125,140.27067429406708,137.68291141101855,137.68291141101855,2278900
2022-02-10,133.8328399658203,138.9091694118109,132.80495231908836,137.57472192055158,3093900
2022-02-11,131.9213409423828,135.3115776898003,130.89345323364512,134.66238400447287,4395500
2022-02-14,131.04672241210938,133.5082539995715,130.18114007482112,131.67787906600356,3180100
2022-02-15,131.29920959472656,133.04842533232835,130.93855251319837,132.13775725864895,3064100
2022-02-16,130.18115234375,132.4893904716363,128.70243643318628,131.7590510062862,2245600
2022-02-17,129.18930053710938,129.8835796703961,128.21551018031525,129.16225195149136,2703900
2022-02-18,128.5311279296875,130.0549295105195,127.99012856386105,129.03605333342665,2485200
2022-02-22,128.36883544921875,130.23527106553377,127.7106300362737,128.99098065465708,3244000
2022-02-23,126.9171371459961,129.9737514842409,126.75484561424774,129.0991437635523,2362800
2022-02-24,129.234375,129.54994639116813,124.33837505090077,124.85232564986651,3439800
2022-02-25,133.8508758544922,133.90497303153495,129.53194820298438,129.70326510240866,2934600
2022-02-28,131.50657653808594,132.9041327931366,129.73932414078814,132.0836360183536,4213200
2022-03-01,131.4254150390625,133.16561882191658,130.80328375980503,132.30002273543784,3458300
2022-03-02,133.12054443359375,133.92301804362734,131.38936587346012,131.87625425423536,2816600
2022-03-03,134.86976623535156,135.68125149371642,132.81399073985472,134.22057252538573,2248600
2022-03-04,136.005859375,136.11406750755688,132.7599043201988,133.47220688178396,2780800
2022-03-07,134.26560974121094,136.3664700518087,133.93198763712587,135.78038534679325,2590700
2022-03-08,132.5344696044922,135.51894987135486,132.30905552079338,133.72464881216627,3021400
2022-03-09,135.68125915527344,137.05178081572265,133.73369167358686,134.5091030150808,1895100
2022-03-10,136.2222442626953,136.6369984829294,133.24677552867396,134.33778577581597,1988400
2022-03-11,133.29183959960938,137.5476580250121,133.15658291276964,137.25010982378305,1997400
2022-03-14,134.5000457763672,135.5189216249387,133.08445278004854,133.80576669099307,2391400
2022-03-15,136.90750122070312,137.81818296830087,134.7705800061019,136.5288071926842,2171300
2022-03-16,139.36903381347656,140.0001905303438,136.25830828358713,138.31408373748866,3752700
2022-03-17,141.97914123535156,142.03351632565048,137.82833878655296,139.3237090852266,2218700
2022-03-18,145.15110778808594,145.39579562230804,141.61657584298246,141.61657584298246,6604900
2022-03-21,144.02735900878906,145.7765029106576,142.5501044080601,145.4139792328501,2702000
2022-03-22,143.80078125,145.7221082659186,142.79480055548598,145.14208423306408,3374100
2022-03-23,142.4957275390625,144.16330877848156,142.18759278841165,143.2117031507759,2477400
2022-03-24,141.28128051757812,143.10291499619072,139.66808847290943,142.740405212909,2515600
2022-03-25,142.58636474609375,142.65886948219213,139.83124008981275,141.5169371747231,1896400
2022-03-28,145.32333374023438,145.92147350543328,142.3688250459191,142.76759410862633,2675600
2022-03-29,149.2657012939453,149.6826000554364,145.20553300945443,146.528706369888,3299900
2022-03-30,148.75816345214844,148.85785571994032,146.87308209772317,148.38658192411845,2368900
2022-03-31,146.34744262695312,150.00885539871183,146.27493789763616,149.43788929838033,3933500
2022-04-01,150.2626190185547,150.64325848590752,145.55898002456175,146.90935471475385,2867300
2022-04-04,148.43191528320312,150.84264578247053,146.97279038405324,150.5616985868536,2448100
2022-04-05,150.69766235351562,152.55555668828475,147.91536363388335,148.1781812345524,3289000
2022-04-06,154.16871643066406,154.66717780400023,148.64035179705067,149.53758226905575,3123000
2022-04-07,153.0086669921875,153.9693304506746,151.0963979805123,152.65521508144485,3142100
2022-04-08,152.8455047607422,153.5161630306607,151.24138454724428,152.43767782220647,1839600
2022-04-11,150.19915771484375,153.4708590664584,149.01192224159388,152.55551285192777,2455300
2022-04-12,149.83665466308594,151.16889964476738,148.93942421760778,150.01790956743207,3062200
2022-04-13,149.5375518798828,150.48915724852685,148.19624922601082,149.77318183172804,2556500
2022-04-14,147.45309448242188,150.78824241020504,147.28089750350318,150.407603007319,2434100
2022-04-18,147.72499084472656,148.71284175905586,146.9818278112123,147.3352935190021,2502200
2022-04-19,153.67025756835938,154.25028158621112,149.76415681060706,150.5798108320393,3839500
2022-04-20,156.48880004882812,157.775727783155,153.73368968484957,153.73368968484957,4116400
2022-04-21,154.7759552001953,158.18359511999117,154.748767650402,158.05671527800052,2620300
2022-04-22,152.91802978515625,155.88159656874834,152.82740924725954,155.08405839362564,3139800
2022-04-25,152.01174926757812,153.26243168323197,148.096590575541,153.26243168323197,2558300
2022-04-26,150.10855102539062,153.54337795170673,149.86384928708873,151.72174325934765,2605300
2022-04-27,151.95738220214844,154.30466596022688,149.7279203673802,150.43482424951299,2790900
2022-04-28,156.7969207763672,157.66696355677468,151.15980691244553,152.96332545798165,4046000
2022-04-29,145.26898193359375,154.3046796556769,144.6889578293667,154.3046796556769,9997100
2022-05-02,138.77993774414062,146.3021198930071,135.5626113756638,145.86710536246946,5868000
2022-05-03,138.0820770263672,140.4021727119604,136.6048227675051,139.6952689899081,4047600
2022-05-04,138.00958251953125,138.51710175970075,132.9978092795643,138.19990914902587,5070200
2022-05-05,131.3936767578125,138.8071224062118,130.69584470821303,137.90083408623735,5461500
2022-05-06,127.67786407470703,131.2033240130096,126.36373534770988,130.45110327696327,6534300
2022-05-09,119.96538543701172,126.38190866650409,119.74788508172027,126.30034603326979,5611100
2022-05-10,113.6576156616211,122.65705157669757,112.59725312700333,121.49700369330353,11362600
2022-05-11,112.14411926269531,117.34621249136072,111.94473471801776,113.74825352528735,8548500
2022-05-12,112.31631469726562,112.39787732926138,109.13524067523586,111.80879543747515,8153100
2022-05-13,116.32211303710938,116.5939884738376,112.86008496823663,113.56698876145502,6521900
2022-05-16,113.51262664794922,116.45806406595987,113.26793181249535,115.49740053608849,3719300
2022-05-17,114.10169982910156,114.60015425189182,111.68191169625847,114.55484398496421,3838000
2022-05-18,108.32864379882812,114.91736387989774,108.05676144642824,114.2376476272511,4898000
2022-05-19,108.50083923339844,109.88745926252585,107.13234192839758,107.44048355399877,5056100
2022-05-20,108.50083923339844,110.02340389398428,106.83326512207526,109.7605794503463,5146000
2022-05-23,109.18962860107422,110.73031610297942,107.1414148974145,110.30435945207705,5979100
2022-05-24,108.82709503173828,109.05366709488843,105.46476644432188,108.06580930404988,5617300
2022-05-25,108.78178405761719,109.82401699043686,107.78486830578441,108.59146434344801,4249500
2022-05-26,110.89344787597656,111.80880108527708,108.51896980664227,109.31650801452062,5025600
2022-05-27,115.33424377441406,116.213337562263,111.35563893961896,111.40094920312404,4177000
2022-05-31,115.53364562988281,116.51243182451108,113.503554681959,114.54578770098952,14792700
2022-06-01,114.06543731689453,117.00181616398396,112.22567331411082,116.32209999067389,4044300
2022-06-02,117.40058135986328,117.44589854104584,113.70293031736435,114.54577872057,3674200
2022-06-03,115.62425231933594,117.02900182066853,115.12579103449394,116.03207925098457,3217200
2022-06-06,115.8870849609375,117.34620273182271,115.35237127973447,116.67555825446838,3212300
2022-06-07,117.5274658203125,117.69060491325254,114.00201162949098,115.20737678655907,3771100
2022-06-08,113.07759094238281,116.98369831370147,112.78757895579491,115.98678254195754,3238700
2022-06-09,110.72123718261719,114.26482766592586,110.68498482179207,112.60631845893846,2841000
2022-06-10,106.25324249267578,109.45243920991992,106.15355022264002,108.75460023410086,5701500
2022-06-13,98.26883697509766,99.94546888458689,96.48344798447549,98.6494763874168,15213000
2022-06-14,100.28987121582031,101.02396256001128,97.34443410516693,98.98481379109741,6605100
2022-06-15,105.05470275878906,106.67950117849543,101.03836714627788,101.54953561387427,7486900
2022-06-16,102.0424575805664,104.02324248342933,100.53632814740185,100.78278936301616,5326600
2022-06-17,100.73714447021484,103.98672752920616,100.5271962890993,102.69054630501843,7180500
2022-06-21,102.56275177001953,103.22909539933654,101.66819996791047,101.8598881474735,3729800
2022-06-22,105.39244842529297,106.59735056336056,100.88319018300058,101.10226836384808,4252600
2022-06-23,107.93003845214844,108.39557085377663,105.4015722004581,106.18658489177308,3783700
2022-06-24,111.90074920654297,111.93726223819459,108.10348444870762,109.08018541190518,4716700
2022-06-27,109.72826385498047,112.1106849332226,109.33575751354962,111.60863950901529,3782100
2022-06-28,108.58726501464844,112.36627656764126,108.24952471027335,111.06096534282453,3369300
2022-06-29,107.99393463134766,108.41382400742863,106.45129924108555,108.030447659374,2828300
2022-06-30,107.39148712158203,108.7698243324905,105.29203327620222,107.03549380336995,4525900
2022-07-01,109.56396484375,109.88344514787363,107.02636847935608,107.61056302522454,2672700
2022-07-05,110.84188842773438,110.8692714577882,107.55579250246296,108.97063578037876,4218100
2022-07-06,110.86927032470703,112.78615901451246,110.24856278128787,111.04270546547279,2983600
2022-07-07,111.88249969482422,113.15129798702748,110.80538960171472,110.97882476648245,3617400
2022-07-08,110.97881317138672,112.05592315195948,110.04774834261038,110.95143014068415,2098200
2022-07-11,111.16136932373047,111.96464201847151,109.98385027596987,110.6684538876343,2399400
2022-07-12,110.36724090576172,112.20197369243138,109.52745512704463,110.45852000053682,2661700
2022-07-13,110.23030853271484,111.23439241018197,108.15823775681613,108.60551711868023,2728900
2022-07-14,107.82963562011719,108.82459653901655,106.92596075854959,107.7839995555997,3369900
2022-07-15,110.45850372314453,110.91490609391217,108.21300489466546,109.57308200959172,2726600
2022-07-18,108.80632019042969,113.44336985443017,108.63289202868867,112.61272117789888,4337300
2022-07-19,114.20099639892578,114.31965850265075,109.44528475491961,110.05686223158601,3884600
2022-07-20,113.70808410644531,116.31870617229616,113.18778569271406,114.20099949274031,3235600
2022-07-21,114.72130584716797,114.73955887867312,112.33888479724452,113.76285803567312,3093800
2022-07-22,115.8349380493164,116.67471684855883,115.02254228159191,115.66150289750497,2940600
2022-07-25,116.3917465209961,117.1493692416852,114.96776624203898,115.5428377454412,2436200
2022-07-26,116.46476745605469,117.53274745904304,115.6980147249292,116.73861169668426,3338300
2022-07-27,116.28221893310547,116.95769959234156,114.35619998265854,116.07227770010827,2087000
2022-07-28,120.8553466796875,121.09268483537717,117.2771536318689,117.77919904394835,2962300
2022-07-29,121.00140380859375,121.5399553055877,120.04295596907984,120.24377414224642,3273700
2022-08-01,119.55917358398438,121.02878992787063,119.35835540569211,120.68193356124472,2615200
2022-08-02,118.08953857421875,120.11596610518961,118.0347725212132,118.90193419315433,2829200
2022-08-03,119.32183837890625,121.3300060490475,118.9841050774852,119.46789048211893,3589600
2022-08-04,119.3492431640625,119.71435956035815,117.62404242421485,119.06627586768873,2062600
2022-08-05,119.93342590332031,120.09773801522446,117.31368050162258,118.07131018095006,1687300
2022-08-08,119.77825164794922,122.315847976786,118.86544681230157,121.07443284317333,2318800
2022-08-09,121.31175994873047,121.42130600283463,119.43138417145433,120.41721508861106,2458000
2022-08-10,122.69007873535156,123.67590944791911,121.32999476621512,123.4020652619347,2340300
2022-08-11,122.52577209472656,123.95888217233355,121.9141946115632,123.57550586624433,1800700
2022-08-12,125.27333068847656,125.43762886023502,123.22864300516747,123.76719447254732,2609000
2022-08-15,126.31393432617188,126.39608341645078,124.64349984902057,125.28246043168323,1973200
2022-08-16,125.15465545654297,126.75206371322716,125.09988940198379,125.94879110424024,1821700
2022-08-17,125.41026306152344,125.93056853349984,123.65767934717182,124.25099695331946,1453500
2022-08-18,124.7165298461914,126.1770092343838,124.52483470118733,126.11312013824679,1750600
2022-08-19,122.38886260986328,124.91733566849383,121.85943418321494,124.87169264531299,2493000
2022-08-22,119.52265167236328,121.42128715193932,119.31271048772733,121.03791084283665,2022100
2022-08-23,117.25889587402344,119.39485549250206,116.8389995907946,118.73763500554031,2103700
2022-08-24,119.68696594238281,120.15250532403157,117.8157271664809,117.97090231759832,2644000
2022-08-25,121.20222473144531,121.22048472804639,119.73260839172879,120.31680292829519,2572600
2022-08-26,117.15850067138672,121.23873920752266,117.08547461660201,121.22047921175253,1626000
2022-08-29,116.19092559814453,117.0489573875981,115.67062713278246,116.36436074131458,2136000
2022-08-30,114.69392395019531,116.7477347401203,114.35618366875885,116.52866353915638,2250000
2022-08-31,113.65332794189453,116.89378081321189,113.59855491810818,115.98097601044961,3730100
2022-09-01,113.4616470336914,113.5803091585549,110.91492063522603,112.64925126434905,3166500
2022-09-02,111.26177978515625,115.03166121287012,110.8418904005123,114.63915485876736,2297400
2022-09-06,113.0052490234375,113.3703654108836,111.20702226225592,112.01028806444546,2649300
2022-09-07,115.58847045898438,115.87144468540093,112.94134208414765,113.33384843059176,2452900
2022-09-08,116.75686645507812,116.92116463510632,114.14624414436064,114.43834140465745,3057300
2022-09-09,118.32689666748047,118.6463700066658,116.5743060700605,117.1585075786327,3516100
2022-09-12,118.84718322753906,119.24881957162562,118.0256644715773,118.29950869966322,2534100
2022-09-13,114.17362213134766,116.69295827857374,113.89977791510026,115.78015350994605,3304000
2022-09-14,111.22489166259766,113.68675769407348,110.36139919375981,112.94268156326993,4065800
2022-09-15,106.7604751586914,111.13304515079896,106.69617296800217,110.84827229910678,4861200
2022-09-16,104.41802215576172,106.40221599652736,102.80127940596707,106.40221599652736,9335500
2022-09-19,103.61884307861328,103.62802409995604,101.26720505841857,103.0860494873774,4493100
2022-09-20,101.90106201171875,102.96664235371671,100.9640860729203,102.88397109812318,5188300
2022-09-21,99.71475982666016,103.00336647763527,99.67801471774705,102.37871364293817,4640100
2022-09-22,99.70558166503906,100.85384015066681,98.75941779422797,99.20953315823823,4918400
2022-09-23,99.76068115234375,100.47719322061229,98.51137554311204,98.78696034248267,5598800
2022-09-26,95.68208312988281,98.60324588774478,94.43277738025479,98.41033930987163,7135400
2022-09-27,93.95508575439453,98.05207051629668,93.5049704644122,97.12428285855528,6329300
2022-09-28,95.47079467773438,95.8290507303105,92.63229632838554,94.61649016580371,7846600
2022-09-29,92.95381164550781,94.84613915249258,92.53125341620115,94.33172165740844,7320700
2022-09-30,93.33043670654297,95.31463048705517,93.01811380132128,93.90916339673207,18072100
2022-10-03,95.86579132080078,98.00614651442481,94.0561350844926,95.07578903481435,4863700
2022-10-04,97.36311340332031,97.95102107770755,96.12299587167263,97.24369706610213,5980500
2022-10-05,96.8578872680664,97.546842254495,94.7175320948759,96.26997957365367,5311400
2022-10-06,93.6243896484375,97.34474944638998,93.28450966764942,97.27125923114451,5068300
2022-10-07,92.19136810302734,93.10997479436207,91.56671527258321,92.71497363675162,5762300
2022-10-10,90.8501968383789,92.91706174972943,90.78589465480673,92.51287259104004,4587900
2022-10-11,92.43939208984375,92.89869545172824,90.06939206891374,91.21765047362497,6385500
2022-10-12,92.25567626953125,93.66114347700587,91.41974076220731,92.20056210717172,5937100
2022-10-13,94.17555236816406,94.75427905345722,90.05101039783452,90.46438760281715,6307600
2022-10-14,91.42892456054688,95.54428569764838,91.3095082114903,95.54428569764838,4480000
2022-10-17,96.66498565673828,97.05998681616256,93.67032586688006,94.35928088854477,5103500
2022-10-18,97.23451232910156,100.02707738117941,96.24241546683459,99.42998165805136,5311100
2022-10-19,93.70706939697266,97.34475100906658,92.64148228404562,96.1781166006581,5924500
2022-10-20,94.12045288085938,96.81197111361713,93.58765924921403,94.08370776746172,4282500
2022-10-21,94.68997955322266,95.04823560265605,92.44857698063399,94.14799796022544,3971600
2022-10-24,94.95638275146484,95.89335855750859,93.89998358193172,95.38812203908434,3377500
2022-10-25,99.51264953613281,99.78822729689607,95.4983363778006,95.50752440568291,7074100
2022-10-26,100.92730712890625,102.69103007456815,99.88009619189376,99.88009619189376,5076500
2022-10-27,101.97453308105469,102.37871526869144,100.2383669557144,101.67139118401737,4371100
2022-10-28,103.78418731689453,104.22511460506995,100.68848023672427,101.42336839490049,4179900
2022-10-31,101.73571014404297,103.02176115477013,101.47850134358036,102.17664452227469,5411300
2022-11-01,99.71475982666016,103.1136018043746,99.45754406426836,103.06766866612998,4599500
2022-11-02,98.05207824707031,102.31441282010287,97.99696408717145,98.93393984751708,5729100
2022-11-03,99.21871185302734,99.74231739287121,95.27788826013388,97.6295191747431,5625500
2022-11-04,98.86045837402344,100.89975941865319,97.206963463877,99.94441459102762,3541000
2022-11-07,100.0638427734375,100.47721304564242,98.40116664550192,99.91686231586262,2963200
2022-11-08,100.81709289550781,102.38790962945326,99.5034849355305,100.04546657360343,2438400
2022-11-09,99.93522644042969,102.7369727462581,99.8066220596199,100.76197389450203,4043600
2022-11-10,108.70791625976562,108.86408472910404,105.116167616418,105.29070513651871,3705400
2022-11-11,106.67778778076172,109.70000450138433,106.52162633222322,109.15802994172275,3258300
2022-11-14,103.34325408935547,106.20012149640979,103.24220679135061,106.20012149640979,2967000
2022-11-15,103.5728988647461,105.31825288587886,102.17661985288737,104.8589495649709,3110000
2022-11-16,104.39965057373047,105.0977936128195,102.5440611555962,102.84720304198638,3512600
2022-11-17,103.1687240600586,104.26186835867,101.43255782603663,102.70942067521864,3384300
2022-11-18,105.2355728149414,105.74999729113907,103.88521995359262,104.94161897500518,3336800
2022-11-21,105.59384155273438,106.20012536283645,104.1148841463604,105.31826373684424,2992000
2022-11-22,106.35627746582031,106.59511715863587,104.73034676908236,106.09906872359397,2306100
2022-11-23,106.12661743164062,106.55836364707383,104.90486899401304,106.38382615358073,1585300
2022-11-25,106.91664123535156,107.42187776144065,105.8786181098753,106.65943246149291,1341300
2022-11-28,102.38790130615234,107.33919082777972,101.89185285021846,106.15418735111757,3910600
2022-11-29,104.54661560058594,104.8313884142055,102.20417296001023,102.51649584205543,2635100
2022-11-30,108.20269775390625,108.23025483705437,103.33407882320944,104.04140999660893,8839700
2022-12-01,107.56884765625,109.76431720017523,106.31954193145407,109.36013500103294,2784300
2022-12-02,107.421875,108.41396495817827,105.47442617762546,106.15419320655081,3014000
2022-12-05,104.96000671386719,106.77884411077312,104.48232729054926,106.55838045838732,3170000
2022-12-06,105.2723388671875,106.66862514101511,104.73036421413507,105.520366630229,3256000
2022-12-07,106.55838012695312,107.61477926265296,104.05976871297503,104.5098840459832,3381700
2022-12-08,108.02814483642578,108.99268465977403,106.43895919487908,106.7053559747411,4759700
2022-12-09,106.85234069824219,108.45071453800749,106.7329243395034,107.53210775517927,2515900
2022-12-12,108.42314147949219,108.72628335517616,105.97046341276733,106.92581516714523,2467900
2022-12-13,111.23408508300781,112.86921094229173,108.93756826809647,112.76816364176257,3754500
2022-12-14,111.6842041015625,113.6592099053015,110.99524907758934,111.61071388365292,4141400
2022-12-15,108.93756866455078,111.05036694532355,108.31292281669825,110.02152488547028,4284500
2022-12-16,103.79586029052734,107.10652829630367,102.63065879117316,106.57941131647775,13002600
2022-12-19,103.63865661621094,104.7576240469513,102.7693732173657,103.55543095738376,3339900
2022-12-20,103.74037170410156,104.72987220118097,101.83535376991817,103.02830415422356,2738400
2022-12-21,105.36796569824219,106.95856624011229,103.92532422365069,104.09178258397229,3482500
2022-12-22,104.74837493896484,104.81310835907931,102.62141466705104,104.6189080987359,2467600
2022-12-23,105.0720443725586,105.54367053130412,103.7033859089771,104.11028570593086,1521900
2022-12-27,104.76686096191406,105.23849413752482,103.79585272778827,104.85933625673253,1683300
2022-12-28,102.14053344726562,105.37721861650971,101.91859129689045,104.96107620262954,2623600
2022-12-29,105.39571380615234,105.54367288216812,102.78787071072611,103.64790444727164,3043100
2022-12-30,104.24899291992188,105.34946091458129,102.97280987216425,104.59115221384079,2138400
2023-01-03,104.2120132446289,107.3007321643241,102.81561286117797,105.40496372454764,2170100
2023-01-04,108.16075134277344,109.12250990382958,105.50666741787585,106.00604246239034,3059500
2023-01-05,104.3599624633789,107.41169661727398,103.96231234096729,106.96780531918616,3079500
2023-01-06,107.87408447265625,108.46593485686793,104.27674098985808,104.86859137406977,3995900
2023-01-09,107.3284683227539,109.66812797769471,107.3284683227539,108.66013521632877,2504400
2023-01-10,107.3192138671875,107.42093880227928,105.70087160670677,106.90306448124505,3097800
2023-01-11,111.85057830810547,111.90606913197749,108.47518402580933,108.52141814772075,3084500
2023-01-12,112.93256378173828,113.45043111371618,111.19399707224692,112.15575572835819,2608500
2023-01-13,112.72911071777344,113.29321921228917,111.12001794190564,111.34196007002909,2283300
2023-01-17,112.28522491455078,113.77410058060335,111.8043491041239,113.19149981991845,3057000
2023-01-18,113.42269134521484,115.91031015880823,112.25748277110955,113.27472521593837,4245300
2023-01-19,112.16500854492188,115.28147638244823,112.11876736522568,113.7371098788045,3875800
2023-01-20,113.57990264892578,113.71861913442365,110.5929016088038,112.03554318040278,3281100
2023-01-23,116.58540344238281,116.899827966805,112.86784231282438,113.91282673415715,3011200
2023-01-24,116.89056396484375,117.43617317244419,112.7013700907942,116.89056396484375,2142800
2023-01-25,116.23397064208984,116.75183792286718,115.02252103111066,115.58662948570563,2436800
2023-01-26,118.42566680908203,118.49040727613016,116.50215669673862,117.15874045915858,2071900
2023-01-27,120.07176208496094,121.07051228957626,118.01878496046949,118.34245204842443,2824100
2023-01-30,118.17598724365234,120.46941273057233,118.14824535982643,118.74008867740964,2538100
2023-01-31,119.55389404296875,119.97003643141083,117.40843457272042,117.58414258604249,4350100
2023-02-01,121.05199432373047,122.02300249323277,118.00026746534607,119.36892572597444,2845600
2023-02-02,124.37194061279297,126.38792625138655,121.85657280499548,122.59638935625834,3111700
2023-02-03,121.71785736083984,122.82758931696588,120.17349779191895,122.02303223769171,3303400
2023-02-06,121.5513916015625,121.8288245576531,119.53539195740854,119.79432562020611,2539700
2023-02-07,120.46941375732422,121.6716138063888,118.96203887274758,120.28446315996645,3638600
2023-02-08,120.0347900390625,121.28321734100018,119.49842334895418,119.72961515792355,1980000
2023-02-09,118.40717315673828,121.23697233300024,117.9817881932266,120.37693159323136,2467300
2023-02-10,118.45340728759766,118.72159763243845,116.28945579108526,117.61187294631371,2303600
2023-02-13,119.5631332397461,120.02551679395953,118.56439718017216,118.66612212653217,1755600
2023-02-14,118.12051391601562,120.44168149191663,117.32521358411988,118.96204837323661,1859100
2023-02-15,117.93555450439453,117.96329639026214,116.8535786230767,117.09402005961849,1733800
2023-02-16,116.32646942138672,117.56565410927841,114.83759363312558,115.63289400656,1782200
2023-02-17,115.89181518554688,116.36344839221928,114.19024707150139,116.17849073498833,2623200
2023-02-21,114.19024658203125,115.27222241439495,113.42268818249264,114.71736355590689,2448600
2023-02-22,113.65387725830078,115.32770344062935,112.97879417533102,114.89306177760385,2526300
2023-02-23,114.68036651611328,115.37394181976175,113.10825826126235,114.43067545576864,1844100
2023-02-24,112.24822998046875,113.85732984192437,111.77660383128885,113.83883054857623,2517900
2023-02-27,113.66312408447266,114.32895044905328,112.26672383173153,114.1162579737521,2439300
2023-02-28,114.11627197265625,116.00279787559123,113.09902948084003,113.61689684640166,5780900
2023-03-01,112.01704406738281,113.37645292771747,111.75811039025498,112.59040224917554,3757800
2023-03-02,115.24447631835938,115.36469349909113,111.0182910351182,111.23098351298309,2591400
2023-03-03,117.39918518066406,117.68586779071912,115.98429259039409,116.42818392038728,2529400
2023-03-06,117.59339141845703,118.22222629248948,116.99229137399354,117.91705850227176,1961600
2023-03-07,114.5046615600586,117.57488803697915,114.30121167004486,117.26971320195857,2242200
2023-03-08,115.65137481689453,116.40044098855962,114.00529045725244,114.00529045725244,2018700
2023-03-09,112.17424774169922,116.11375035642044,111.81358915099112,115.79008329494046,2491300
2023-03-10,108.17926788330078,112.64588800316773,107.67064311184137,111.89682884466721,3717100
2023-03-13,109.46469116210938,111.73961752683523,107.6798902628381,107.93882393851874,3314600
2023-03-14,110.81484985351562,112.30372553718387,109.53866666442087,112.03554221564096,4342500
2023-03-15,110.98131561279297,112.16501652088795,109.10403929241603,109.3537233364554,4416000
2023-03-16,111.86624908447266,113.24490200496035,108.90402189150285,109.51882148215907,4409600
2023-03-17,108.08428192138672,111.69858465363058,108.01907579513154,110.64596233516647,6508900
2023-03-20,110.57142639160156,110.65526689117598,107.59056509326308,109.01578962362285,3851100
2023-03-21,110.25471496582031,112.26679460156045,109.40702829915645,111.89419226278439,4078800
2023-03-22,106.30506896972656,110.36649689153192,106.22122847095751,109.70511141247417,3472200
2023-03-23,106.33302307128906,109.43498677515022,105.9790408774111,106.92919537926464,4007100
2023-03-24,109.01580047607422,109.08100660137491,105.476028220282,105.49465549596736,3721400
2023-03-27,109.04373931884766,110.41307498646977,108.67113696888144,109.30456380659773,3087500
2023-03-28,108.66181945800781,109.13689669183005,107.71166499036336,108.17742503338359,1853300
2023-03-29,111.67062377929688,111.77309155586927,110.012519186666,110.36650136280123,2591100
2023-03-30,113.57093048095703,113.89696109914787,112.35995859811469,112.7139336825884,3384600
2023-03-31,116.22574615478516,116.33753111220581,114.28818997469517,114.54901443507651,5305300
2023-04-03,115.29423522949219,117.71619308218021,114.44655566659864,115.47122631592522,2966400
2023-04-04,115.58301544189453,116.0487754907994,114.53039318293158,115.29423937885817,2822100
2023-04-05,113.89696502685547,115.84384582593468,113.79450434926312,115.28493516020013,2546700
2023-04-06,114.3440933227539,114.37203778890047,112.8536625704837,113.89696054360563,2104800
2023-04-10,115.26628875732422,115.34081206683338,112.45310133922612,113.58955693497192,2936700
2023-04-11,114.26956939697266,115.89972957818742,114.14847434200736,115.44328671738892,2553600
2023-04-12,114.39997863769531,116.12329646954217,114.27888358591112,115.86246487757481,2576300
2023-04-13,113.57093048095703,114.80053674594426,112.20159477762104,114.50245059403628,2608800
2023-04-14,111.55884552001953,114.70738079662398,110.78568215662351,113.86901131263636,2957500
2023-04-17,114.70738220214844,114.84711163568085,111.51226804014237,111.7824097164559,4269800
2023-04-18,115.23835754394531,116.53316999108465,114.03669569093657,115.5178164332719,3968800
2023-04-19,116.58905029296875,116.82193030032262,114.34408361074922,115.41533306596378,2855800
2023-04-20,114.80985260009766,116.39343393111835,114.5676553835757,116.06740331672401,2285900
2023-04-21,115.11725616455078,116.3841240746178,114.80053563356684,115.63890514860154,2703900
2023-04-24,114.75395965576172,115.87178089658131,113.44983013684944,115.5364331029486,2281900
2023-04-25,112.37857818603516,114.72601269030119,112.13638098326047,114.2229910108156,3146700
2023-04-26,110.91609954833984,112.95613086961886,110.27334839628001,112.35064137490366,2321200
2023-04-27,113.81311798095703,114.47449635193118,111.20485904429985,111.96870518751699,3347100
2023-04-28,116.67288970947266,117.11070528301687,113.98079725399245,114.2975106690211,3621000
2023-05-01,114.01805877685547,116.85919074581734,113.74791710185764,116.44932674490181,1787500
2023-05-02,114.09259033203125,114.99615890163157,112.95613461956185,114.12053479923384,2426200
2023-05-03,115.65754699707031,117.58579345266473,113.92491892312344,114.98685134174444,3323200
2023-05-04,116.3282241821289,116.48658799584206,114.04600284557417,115.62958412723246,2740400
2023-05-05,118.53592681884766,118.7222279867913,117.22248013196275,117.42741568086116,1994000
2023-05-08,118.6477279663086,119.08553648138289,117.71620778567099,118.07950008756485,2002100
2023-05-09,117.2969970703125,118.3775636851042,116.44000037322961,118.2378342632696,2745000
2023-05-10,119.30908966064453,120.20334094851107,117.66029519293893,118.64771127824835,2377100
2023-05-11,117.12932586669922,118.405510858499,116.27232914999885,118.33098755089016,2373600
2023-05-12,116.5983657836914,117.57646470271196,115.7227417481475,117.23179971734771,1427500
2023-05-15,116.70084381103516,117.35291218330346,115.95563195164465,116.85920053162548,1510500
2023-05-16,112.9468002319336,116.50520635496335,112.74186469440339,116.50520635496335,3417400
2023-05-17,114.2975082397461,114.42792047927249,112.71392698439189,113.70133597135857,2684100
2023-05-18,113.70134735107422,115.06136591863307,112.78846158302397,113.51504616365757,2129100
2023-05-19,114.63285064697266,115.86245678115762,113.86900451978099,114.82846899707779,2135500
2023-05-22,115.72274780273438,117.08276632707762,114.1018976745873,114.99615613825404,2130800
2023-05-23,115.07998657226562,116.44932216791129,114.29750604321072,115.1917715355403,4400700
2023-05-24,112.7325439453125,115.03339941450527,112.08979999699984,115.03339941450527,2359800
2023-05-25,113.6268081665039,114.91230315641295,112.63008209078603,113.6454354387055,2709800
2023-05-26,116.3934326171875,116.74741480047767,113.71065731154069,114.10189404439733,2378200
2023-05-30,115.7972640991211,117.77208931638577,115.59232853515826,117.08276641600267,2723100
2023-05-31,116.02082824707031,117.53920341164911,114.97752320400707,115.79725831195621,14817700
2023-06-01,114.24163055419922,115.66685524567588,113.3194275962322,115.03342125980461,3082900
2023-06-02,116.36549377441406,116.72878605918326,114.51177069226678,115.5084969542885,3084500
2023-06-05,116.09534454345703,116.96165849863881,115.06135669027445,116.55179449780788,1977500
2023-06-06,117.21318054199219,118.4334696472183,116.02083590376597,116.84988825712435,2255700
2023-06-07,119.29045867919922,119.71896416833621,116.952348405023,117.77208351355003,2952000
2023-06-08,116.3561782836914,118.93648581548625,116.07671941288383,118.93648581548625,2749500
2023-06-09,113.0027084350586,116.69152741908026,112.7884627779531,116.53317069740493,3312600
2023-06-12,111.42842864990234,112.95612093195712,110.31991753896078,112.71392373399219,4551200
2023-06-13,113.03996276855469,113.1238032732013,110.85089195387759,111.38185812685829,2751600
2023-06-14,113.89696502685547,115.14520571703282,112.86298420406064,113.34737155251466,2895300
2023-06-15,114.19719696044922,114.52556406761504,112.27389265611693,113.03383614169053,2686600
2023-06-16,115.05094909667969,116.73032044812612,114.84455203199627,115.3042659726688,5837200
2023-06-20,113.37156677246094,114.44111647286901,112.06747530115231,114.30038568403648,3971900
2023-06-21,113.23084259033203,113.66241175821656,112.27387895722114,112.99629366270791,2697000
2023-06-22,111.3263168334961,113.69056709514462,110.38812103543675,113.39972868826331,2707700
2023-06-23,109.67507934570312,112.86494617426541,109.55310932301983,111.11990159034208,4297200
2023-06-26,111.65467071533203,111.77663357781199,109.46867304670977,109.47805700778208,2828900
2023-06-27,113.39971923828125,114.08459810538639,111.69220331442096,112.33017669025148,3670000
2023-06-28,113.14640045166016,113.57796961648323,111.62652799247132,113.23084178709574,3295000
2023-06-29,113.99079132080078,114.3003976570908,112.36770941426167,112.80866259178998,2925100
2023-06-30,115.05094909667969,115.28549804814652,112.49906251732793,114.97589887218842,6598700
2023-07-03,116.19554138183594,117.00239029374278,114.03769546685929,114.11274568634921,1481700
2023-07-05,116.3268814086914,118.15636729591905,114.55369213011996,115.63261860342882,4228600
2023-07-06,115.38867950439453,115.52941028165647,112.423985010636,114.17840627252542,2740800
2023-07-07,114.45050048828125,114.95712706528352,113.54983340401026,114.3097696905808,2517800
2023-07-10,114.2816390991211,114.84456235955592,113.3997398296486,114.04709012656211,1989700
2023-07-11,115.60448455810547,115.81088877389496,112.84618668867455,114.66628878296468,2356900
2023-07-12,117.4996337890625,119.08518689793317,117.13373801899473,117.5934519325399,3743600
2023-07-13,119.10394287109375,119.33849179928248,116.32688442028295,117.59344720092906,2831500
2023-07-14,119.8545150756836,119.96710115004241,118.03441290847898,118.64424161832376,2655400
2023-07-17,120.07029724121094,120.78332802733026,119.25406434823755,119.92018248292659,2811600
2023-07-18,116.33627319335938,121.73089876482562,113.48415724967508,121.73089876482562,6395000
2023-07-19,115.1916732788086,118.58794447768875,115.0227977571435,117.66850949131974,3594100
2023-07-20,116.1111068725586,116.73969630093622,114.74134195008841,116.42070602701004,2709300
2023-07-21,117.6872787475586,119.31035340840354,116.19554376297887,116.41133193783132,3304800
2023-07-24,119.16024017333984,119.55428065709802,117.56530315767324,117.6215997681139,1952700
2023-07-25,119.24467468261719,120.69887375514423,118.81310550999119,118.81310550999119,2817700
2023-07-26,121.28994750976562,121.44943907213278,119.37602728776288,119.60119942531543,2778900
2023-07-27,117.21817779541016,122.2093716773549,117.15250438006522,121.96544593913973,2980000
2023-07-28,116.00790405273438,119.0101275412883,115.74521039221908,118.31586470165998,2318500
2023-07-31,117.03992462158203,117.88430226284997,115.77336173861302,116.40195119905356,2673600
2023-08-01,116.5051498413086,116.99300848737516,115.43560724682,116.81475616020413,2279200
2023-08-02,116.03605651855469,116.58958860329184,114.42235860163174,115.8296522978507,2096800
2023-08-03,116.15800476074219,116.34564819131653,113.12763672508255,114.7788559669469,2718200
2023-08-04,114.68505859375,117.4902693363198,114.12214251584378,115.82027471225634,2045100
2023-08-07,116.73969268798828,116.90856820240144,114.57246288457391,114.825772577261,1518100
2023-08-08,115.79210662841797,116.20491500929587,114.55368864364908,115.78272982548154,1369500
2023-08-09,115.02278900146484,116.36440911093804,114.78824008133222,115.5200315668876,2190800
2023-08-10,114.6100082397461,117.03993205055086,113.9532668513559,115.51067539497872,1590600
2023-08-11,115.87655639648438,116.23306819637592,113.83128942265317,114.2253299106173,1715900
2023-08-14,115.8484115600586,116.4394722914444,115.26672763228302,115.81088287202158,1499400
2023-08-15,115.10723876953125,115.56695268247552,114.29100589082712,114.70381431102675,1458900
2023-08-16,114.31915283203125,115.33240597876342,114.00016970687426,115.14476968841998,1348700
2023-08-17,112.77113342285156,115.48251873929495,112.69608319808029,114.48803347188229,1736700
2023-08-18,113.96263885498047,114.30038989748293,111.4764186868406,111.86108237997168,1886800
2023-08-21,112.71484375,113.96264589196888,111.85170532491448,113.43725853024134,1743000
2023-08-22,113.54044342041016,113.96263579112045,112.35832196129815,113.39971978803872,1468700
2023-08-23,115.46375274658203,115.75459114380531,114.07521986210297,114.45049960043777,2167700
2023-08-24,114.21595001220703,117.52777990537408,114.14089979125741,115.63262761641579,1887000
2023-08-25,115.07908630371094,115.77334910728855,113.91571849917382,114.53493108783374,2559800
2023-08-28,116.33627319335938,117.19941156690625,115.87655927929764,115.98913818845082,2106400
2023-08-29,117.3682861328125,117.60283506879249,115.17291152781524,116.30812751901452,1833500
2023-08-30,117.93120574951172,118.17513865458358,116.99300997693688,117.73418549621489,1849300
2023-08-31,116.52391052246094,118.12823157089464,116.23307212739388,117.61222103977671,3277600
2023-09-01,116.88980865478516,117.8092436675477,116.38318923311223,117.64975210302602,1591000
2023-09-05,114.50679779052734,116.80537458794707,114.32853830184396,116.57082564299135,2854100
2023-09-06,113.87818908691406,114.86329741427932,112.21758588240506,114.42234429932277,2786400
2023-09-07,115.68891143798828,115.88593167938494,113.2589879695642,113.54982635097852,2531900
2023-09-08,114.91023254394531,116.12049890928549,114.33793249441662,115.95162336749233,1758000
2023-09-11,114.6100082397461,115.20106904721762,113.54045838767443,115.20106904721762,1992800
2023-09-12,114.44110870361328,114.9946407021467,113.7280780043697,114.25346527862035,2275300
2023-09-13,113.74685668945312,114.68505248864197,113.47477904874445,114.34730142830472,1864700
2023-09-14,116.64588165283203,116.67402638063754,114.61937535644782,115.08847324084797,3375500
2023-09-15,116.38134002685547,116.49471947497626,115.14364502017148,115.9278294426785,4818500
2023-09-18,115.9561767578125,117.02380616927846,115.26646441384551,116.29630067690036,1654500
2023-09-19,114.86019897460938,116.54195446097799,114.57675396100082,115.98452173140224,1834000
2023-09-20,114.23661804199219,116.29629038584149,114.19882489692542,115.69161448138372,2497800
2023-09-21,108.22765350341797,114.09490458386686,108.12372414833176,113.13119732912303,3722800
2023-09-22,107.77413940429688,109.56927423261529,107.37732217513442,108.22764995784375,3612300
2023-09-25,106.9993896484375,107.61351562229706,106.1868550753258,107.18834815963807,3221000
2023-09-26,105.34598541259766,106.81988209467214,104.87358189056808,105.91286819737202,3179200
2023-09-27,105.10978698730469,106.42306824356025,104.72241262696014,105.94121461747255,3226600
2023-09-28,105.94121551513672,106.91437286462396,105.14758102620263,105.8278432786067,2177000
2023-09-29,106.01679992675781,107.83082776204529,105.29874453884182,107.74579858615957,3414600
2023-10-02,103.45636749267578,106.47974703836331,102.77610529281974,105.51604706077086,3570000
2023-10-03,101.56676483154297,103.0973549523667,101.02822506448936,102.91783929391342,2466300
2023-10-04,102.43597412109375,102.5493535570921,100.49912407885022,102.33204477350495,2700300
2023-10-05,103.01232147216797,103.39969586012401,101.69904012230363,102.27537305521463,3377100
2023-10-06,102.89893341064453,103.69256782742367,101.04710535488253,102.04860567244879,2217300
2023-10-09,103.41858673095703,103.98546956261545,101.77462435665572,101.9635828977731,1818300
2023-10-10,104.2405776977539,105.2326209098509,102.7005373840166,103.2863204294739,2430400
2023-10-11,106.1963119506836,106.3947205626166,104.98696010177451,105.19481159405746,3561700
2023-10-12,103.59809112548828,106.18686034048409,103.4752615996429,105.83727914829377,2314500
2023-10-13,103.59809112548828,104.4295187076234,102.8422426265978,104.06104454669831,2578700
2023-10-16,104.7979965209961,104.84523975693786,103.00286167979581,104.42952234722884,3131800
2023-10-17,102.16197967529297,106.9143650035473,101.55730376390616,104.15552304850137,5379100
2023-10-18,98.61894989013672,102.21866938239867,98.4583344336721,101.68012969260747,3734600
2023-10-19,96.9183120727539,98.76068299688309,96.4364584432486,97.75918979795195,6388500
2023-10-20,96.77659606933594,99.16695699084767,96.37032870899517,97.07893406714955,5620500
2023-10-23,95.24600219726562,96.93720778463141,95.01925050979885,95.73730592980083,3978700
2023-10-24,96.08687591552734,96.63486574486522,95.29324143853252,95.6144723816097,3050700
2023-10-25,93.29023742675781,95.32157383709341,92.82728403361786,95.13261532798059,4069000
2023-10-26,94.1311264038086,94.94366106597911,93.25245553463843,93.36583497876894,3501400
2023-10-27,91.94862365722656,93.79099455826344,91.30615456204086,93.73430844078719,4082900
2023-10-30,93.42252349853516,93.6114892436109,91.60849559564464,92.77061150086564,3588700
2023-10-31,95.18931579589844,95.27434497533214,93.3658377955455,94.28230184040821,4561600
2023-11-01,95.99238586425781,96.31362397954507,94.82082725010942,95.48218923995809,2585500
2023-11-02,98.940185546875,99.65824085147901,98.03317173446705,98.2315803301527,4532300
2023-11-03,100.66919708251953,102.41708873582328,100.45188828284225,101.18883665063365,4562500
2023-11-06,99.13861083984375,101.6234509566659,98.10876733643876,100.48968530227933,3147300
2023-11-07,98.47724151611328,99.48818476638387,97.76863623204589,99.20473976943462,3092600
2023-11-08,99.32756805419922,99.65825630659715,98.60006975719725,98.84572162208235,2588600
2023-11-09,97.57965850830078,99.83774649274498,97.45683620247708,99.83774649274498,3350800
2023-11-10,98.77959442138672,98.9685529757265,96.8994229266641,98.64732199168753,2385600
2023-11-13,96.8238296508789,98.19379698998904,96.48369853623122,98.19379698998904,2473500
2023-11-14,103.2957534790039,103.88152921951976,99.8283134371243,100.1495443647226,5787500
2023-11-15,104.41063690185547,104.94917667219313,103.03121937096087,103.21072782220257,4620300
2023-11-16,104.18386840820312,105.08143941497542,103.9571167384978,104.6090358982444,3609900
2023-11-17,103.99491119384766,105.32709258778436,103.50361470191778,105.2231632361309,3125100
2023-11-20,104.87358856201172,104.94917486033818,102.69108645805485,103.78705895056389,3356200
2023-11-21,104.5051040649414,104.90192127957405,104.02325047099866,104.59958332438174,2717300
2023-11-22,105.3837890625,105.9790149645908,104.65628352941594,105.9790149645908,2325300
2023-11-24,105.81838989257812,105.84673295082757,104.67517422391393,105.70501045127457,1284500
2023-11-27,105.69557189941406,106.29079777194679,105.1192389970528,105.61998560211612,2770900
2023-11-28,105.92233276367188,105.95067582553868,104.19333390672952,104.81691010102611,3226900
2023-11-29,106.80098724365234,107.64186492138461,106.75374400895952,107.00884594301188,3241100
2023-11-30,108.586669921875,108.87011490812995,106.10183008115438,106.82932830702742,8202800
2023-12-01,111.73287963867188,111.93128824687217,108.43549796556147,108.70004998480067,4159700
2023-12-04,113.68863677978516,113.7358728084332,110.91090167958959,111.02428112329554,5388600
2023-12-05,112.10136413574219,112.74383325367388,111.23214333157169,112.43204517990421,3727700
2023-12-06,112.47928619384766,113.3673999508463,111.97853238452724,112.98947567571842,2989100
2023-12-07,112.38479614257812,113.11230161050251,111.92184270463899,112.61155502542263,3072200
2023-12-08,113.2351303100586,113.30126651920337,111.5250317533823,112.02577836666501,4257600
2023-12-11,115.26646423339844,115.76721083452605,112.80996725697082,112.84776040532276,5433200
2023-12-12,115.33260345458984,116.25851759264141,114.62399812316369,114.91688602016185,4197900
2023-12-13,122.10687255859375,122.28637379435338,115.38928641560068,115.60659521627714,5883200
2023-12-14,129.55194091796875,129.92987239620678,124.33661626779002,125.14915092523705,9543800
2023-12-15,127.6597671508789,130.03686703867123,126.8325410327004,129.54244070825018,8413600
2023-12-18,126.1574478149414,128.37290681883428,125.88171059093219,127.9640525713952,3805000
2023-12-19,127.17484283447266,127.99256576874564,126.64237478586071,127.31746302297009,2613300
2023-12-20,124.05609893798828,127.8689622063753,123.98002999512262,127.37453584074952,3448200
2023-12-21,124.5219955444336,125.8626687322379,122.8675289503652,125.74857259080733,3256400
2023-12-22,125.89120483398438,126.67090056493207,124.3793727804635,124.62660045547929,2361300
2023-12-26,126.89908599853516,127.29843697320193,125.94824619923406,125.94824619923406,1215900
2023-12-27,127.58369445800781,127.59321214282527,126.25252436349358,127.27943322583279,2714600
2023-12-28,128.54405212402344,128.57257616115604,126.91810946413597,127.50764008509671,1953100
2023-12-29,126.74695587158203,128.40140793763098,126.5282667668434,127.48860979953463,2938000
